index,target
3135,1 2 12
4655,12
22118,35
23511,0
45,18
19006,0
23989,2 3 4
21464,2 12
20344,20
26679,0 1
11295,0 2 12
1007,0 27
23199,3
23424,0
3313,0 36
24286,1
8744,12 28 36
22961,20
20140,0 2
1399,20
23708,16 38
20569,2
7730,0
23504,7
25792,0
7995,4
21646,27
20689,0
21674,12 27 28
486,33
20516,2
7861,0 2 36
12323,1
24087,1
3460,19 20
22836,2 30
24411,1
351,18
10899,42
24444,48
1721,0 20
21414,20
20245,0 12
13221,20
10253,0 2 30
24410,8
17422,27 28
4275,0
18589,3 37
20024,3
11393,28
122,28 36
494,32 38
15134,28 29
8177,12
22892,2 30
12678,18
4714,12 28
23945,0
19490,0 30
21056,19
6554,28
896,18
397,18
10630,22
7526,12
12017,2 3 27
17576,0
22278,1
11203,0
22440,38
21051,0 12
24053,0
25851,27 30
276,12
825,28
23089,2
10608,19
8685,0 2
2734,28
18054,0 27
16946,14
23791,0
8908,18
4097,12
195,1 27
25552,1
12744,0 12 16
21238,16
22016,29
20751,0 3
1152,28 29
24426,8 10
15438,19
24966,12 27
3916,0 2
22262,18
9607,0
25040,8 12
7796,0 2
11303,3 37
26133,30
17603,4 5
25826,4
7641,0
14468,12 23
22797,1 8 12
9696,14
3943,1
7289,11
13338,16
25572,18
17073,12 42
2465,12
8510,12
23707,1 2
24467,36
25749,0 30
23461,7
10147,5
26412,11
27029,42
14720,0 28
6022,2
15849,12 28
21813,27 28
25019,28
14140,12 28
23440,0
25115,0
20177,20
25964,8 12
22805,0 2
26298,27 40
13783,1 2
25811,2 27
19758,19
16053,1
510,19
5157,0 2 30
24375,8
15515,1 2
16221,0 2
20827,2
22730,3
25205,19
15414,27
22569,3 37
23783,30
26466,27
588,2
21865,23
22011,28
21046,0 3
26037,27
26181,27
10949,2 3
19369,2
21044,1
24933,11
20498,18
24647,18
22033,18
13676,5
2045,27
18841,3
25089,18
11356,0 2
9116,19
14834,0
20595,0 2
20870,12 28
1055,19
4287,3
21681,28
2945,2 12 27
22489,0 28
8254,2
23879,2
21168,1 10
23441,0
26108,27
25106,28
11376,16
5233,0 30
3254,1 27
7597,28
24812,0 12
26469,11
578,0 3
23716,0
5653,1 30
23078,0 30
24952,10
23454,16
16449,2
18438,27
21732,30
26142,21
11482,3
16067,8
24824,0
26001,15 27
21589,19 20
902,28
19859,18
7002,0
23074,3 30
23171,0
16465,0 3
24548,19
26926,30
25483,1
26393,15
1683,2 3
22460,8
26252,27
22354,1
25273,23 28
1071,15
26811,10
26907,7
26497,18
6390,5
8412,27
22670,15 27
10575,0 12 30
24913,27
17913,2 4
19134,18
26215,27
3419,19
21294,12 28 36
20394,16
25980,27
21718,15 27
20422,10
19723,1
1064,4 30
15602,1 27
11690,0
9573,5 47
22224,19
4118,0 2 16
22432,9
22423,16
6775,0 4
8485,18 19
18522,3 37
25482,12
12240,14 31
25021,19
23380,34
23589,2
520,27
4431,1
9032,2 4
19692,0 12 28
6670,18
25404,9 10
23976,1 2
22627,21
17620,18
23096,13 31 34
22009,6 28
11715,27
21196,12
24567,0 2 12
25197,21
2915,49
21890,28
4625,18
22825,0 12 30
26566,18 19
24101,0
12793,12 28
21363,21
589,2
24805,12 14
9839,0
21062,0 12
602,0 2 3 36
25830,27 28
26824,16 33
20656,42
17346,12 28
18191,11
24889,1
21905,20
10744,2 3 36
3761,14
23619,0
22400,8
21074,6
24818,1
26694,12
24323,1 12
2989,12 28
21150,12 28
23829,0
23959,0
11734,11
7052,36
3120,31
22946,19
26530,11
22590,2
4874,7
22028,28
23191,0
26202,11
4865,16 32 38
14270,0 12
53,12 36
1239,27
10957,2
21313,12 28 36
4279,0
16347,12 27 28
15814,0 2 30
12797,28
24967,11
24642,18
26697,8
22720,0
5191,30
22641,14 27
10081,12 16
19928,3 30
16351,3 28
12619,0 15
17590,21
775,19
13498,12
17722,0
2472,12 28
8620,14 27
14807,0
16301,27 30
16607,12
17430,0 16
21642,12
10159,3 15
22913,21
22301,1 10
17535,0 2
10951,3
7790,19
20924,3 12
3690,8 12
572,0 28
19395,30
24194,2 36
21755,19
21005,12
24530,19
17225,14
23930,2
23143,0 3 30
24020,0
22333,1
25863,11 15
24129,2
14569,0 27 28
17488,0 23 28
3870,12
25470,12
10639,3
25129,0 12
3631,3
399,32
19923,3
5998,12 23 28
22791,20
23690,16
8259,0 3 27 36
20732,28
17089,20
88,10
18925,28
13331,28
16920,21
22596,27
19391,1
14387,14 27
23247,0 30
13725,5
11601,2
26519,27
7472,1
26611,19
15287,0
21282,12 28
24046,7
8885,0 12 27
25254,18
24942,12 28 43
3413,0
21997,34
6200,12 27 28
6644,7
10707,0 30
2866,26
22878,19
5873,12
5626,1
20041,0 23 27 28
2510,16 27 30
20753,19
16796,11
26168,15 27 30
593,3
20784,1 12 28 36
12237,19
26282,27 40
342,2 28
18738,18
19717,19
25208,30
24920,27
24258,1
22103,18
24251,10
12802,12
23539,1
15964,2 12 30
21340,28
25127,0
17286,12 27
26089,27
9650,0
12310,31 34
21511,11
2303,12
25493,8
9635,0
540,18 19
20410,0
23377,21
22327,2
16173,28
1248,0
10191,16 33
23778,2
26928,32
9440,0
21387,21
23301,2 4
26991,30
12219,0 2
23667,1
24266,12 27
26475,28
14437,20
6560,28
11764,2
11827,1
23509,2
9914,0
7468,2
21338,18 19
27027,33
20290,28
23251,0
22953,38
26707,18 19
22655,2 3 27
11297,21
21055,12
26997,16
21298,19
22589,0
19858,0 27
22375,1
21186,18
21119,12
19909,44
5133,28
25590,27
14632,0
21592,20
2649,8
25385,12
26776,18
24059,0
13919,0
24745,0 28
26346,30
9,8
25683,44
25649,27
11111,30 37
6261,37
20488,3
26275,0 1 27
19419,12 28
18469,1
8548,3 12 30
6615,3 27 30
3440,2
18635,10 12
17594,28
24702,12
11854,8
21680,24
25927,0
20948,2
9230,1 3 36
19703,0
9659,3 11 30
24887,3
8040,28
12998,19
5064,3
24504,18
23602,2
22570,0
20069,14
13011,12
7229,0 2 4
20727,0
25999,27
1689,2
2640,12
14785,2 28
20884,19
11334,14 16
24917,11
25345,19
22152,45
25611,27 28
24992,12 28 43
24537,0 3 12 28
6748,3 37
11221,30
21689,19
23942,0
20094,35
20734,3 16
15156,35
17726,16
24909,18
12141,0
26753,22
4459,2
26605,2
13462,20
20432,1 2
24086,1
1251,21
16419,19
25601,30
18010,0 16
12520,18
20675,27
23762,0
4074,1 12 27
24620,8 10
23203,3 5
9996,12 36
20907,3
23177,16
14826,2
2365,18
5584,16 30
24473,8
14575,36
4393,12
17199,0
3796,45
23670,16
23501,0 2
18180,12
25588,27 28
26636,2
26673,39
17656,0
5351,25
17125,23
9916,0
18031,11
21941,27
19770,19
24959,40
6965,2
11629,1
1422,0
23016,0
18339,47
23197,30
16266,28
6827,1
25774,2
24462,45
3065,1
22584,2
26098,11
23194,19
23883,3
23856,0 16
21582,0 12
12151,8 12 28
26970,7
4094,44
763,0
2263,0
4712,18
5487,12 27
5593,2 36
3479,8
9776,28
1813,0
23580,0
9922,18
434,0 12
4812,3
13005,0 14
24944,20
6769,2
17589,12 27
25160,20
18479,27
23328,2
25852,27
13158,0 28 36
9128,3
326,0 14 30
20969,19 20
22839,16
23386,1
24559,12
24678,12
5457,0
23845,0 27
23517,0
23215,2 3
23889,1
15093,19
4376,1 36
11833,19
25384,18
26522,11
5585,0
24616,23
1418,12
18953,0
2285,19
22200,42
182,16 33
23305,0
16959,15
25930,27
10392,1 2
8957,0 3 12 30
21892,18
22256,8
23354,2
26343,11 43
20633,48
25988,27
24834,12
49,15 40
24557,12
22833,0
15806,0 4
24536,1 12
23005,3 36
6470,12 36
22216,1 2 3
26451,27
370,12
20936,3
16517,28
17869,0 2
1407,16
25010,12
23732,0 20
11742,12 15 16 27
21585,27
437,0 2 30
7864,12 42
20610,3
22082,44
652,30
23176,1
21986,18
22036,28
25735,14
13550,3 27
21925,28
23410,32 49
15784,3
5524,12
22344,0
11043,0 30
15442,10 28
21185,28
17771,2
5076,20
21441,16
12231,2 30
22205,20
11706,28
19293,2 3
4546,1
20643,28
426,0
8324,12 28
24837,12 36
24178,2
21016,18
23324,16
9385,12
7370,4
19607,3
2298,6
22794,21
11566,2 30
21362,19 20
24436,15
5844,3
21214,18
17432,30
26893,11
975,31
5050,36
24278,1
21406,42
23062,0 30
22355,2 28 36
8107,0
6038,31
21073,2
21444,0 12 27
21170,12
20466,1
24003,1
15284,2
21806,28
21178,18 19
17619,18
21200,19
14639,12
15175,1
23818,0
24246,0 36
16883,28
24760,1 48
26855,19
2489,12 28
13910,19
18499,19 20
20285,31 34
24385,32 49
2535,25
493,27 28
89,0 8 12 28
23019,0
12258,2
22199,12 27 28
26079,27
17893,28
14039,18 19
4965,30
24581,12 28
2004,0 28 36
3107,1
16690,1
592,2 14
26888,10
24875,8
22269,2
20770,0
17471,1 27
1952,0
20499,8
14374,20
26666,12
25700,1
23786,0
26066,27
16134,1 8 27
22873,2 27
14477,16 33
3741,14
20898,20
8749,27
26405,27
10839,3
24144,1
21947,20
23443,0
16891,25
39,3 8 10
6483,29
16457,0 28
20461,0
16625,18
21438,3 12 27
23920,16 34
12809,3
21141,28
26573,18
13414,18 19
25390,12 27
25839,19
5615,0
24138,21
26918,24 25
12348,0
3666,20
26711,11
26800,18 19
6108,28
15172,20
21571,11
11021,12
20912,12 28
13534,8
12167,12
19760,23
5284,19
8719,12 27 28
23277,3
25904,0
22647,2
10709,16
26986,30 36
20979,21
25211,48
3223,1 2
20489,16 33
21661,12 27
20670,20
4838,7
21429,19 20
22610,1
2748,18
26651,12 28
25794,14
284,8
3386,27
10900,37
24050,0 35
22358,28
10193,0 36
25972,37
21526,0
10373,28
22172,42
4238,12
7298,0 30
22377,1
21373,0 27
5662,0
24338,35
417,19
22817,30
22161,42
22137,3 10
20016,1
23033,19
20367,8
14842,2 27
26685,12 28
14646,12 36
12029,12 43
22276,2 30
23296,21
22385,2
20418,1
9533,12
23675,21
13151,28
25246,10
23200,0 2
12030,2
26134,21
23916,1
5841,27 28
7348,28
11133,20
6591,12 28
21137,12 28
13754,3
7980,18 19
2407,0 12
22351,0 2
1333,0
26945,30
23793,16 38
14783,29
25582,12 27 28
24999,29
13811,0 2 8 12
21868,28
26751,18
24787,20
9204,2 12 36
23955,3
17334,16
24091,19
4153,20
17556,19
213,21
24274,3
4018,37
26440,27
4286,12
23351,2
16017,0 12
16199,0
20529,2
11143,19
16495,28
25710,3 27
24635,12
222,9
24457,17
24929,0 12
20738,36
2208,1
23101,3
6611,12 27 28
3378,14 16 27
9107,33
10050,0
421,2 15
20505,0 4
416,0 2
20862,28
20836,28
18940,27 30
10210,18
3514,1
23984,16
20662,28
24747,2
25678,27
22382,1
21667,21
24898,18 19
26492,11
26978,30
25134,8
22347,18
20806,0 28 36
21519,19 20
26838,21
20658,42
22568,21
401,0 35
25881,27
7428,27
22408,18
23012,3 5
15277,0 3
19509,2 3 27 30
18981,12 27 30
22247,0 27
2953,3
24404,8
1477,0 30
21078,10
23824,0 8
22840,1
3277,18
25156,0
11201,1
26689,23
24681,8
11797,3
23235,2 16 33
12164,2
21383,1 28
26115,2 27
20831,0
23198,0 16
23957,1
9780,12
569,21
1066,3 12
26572,18
8459,10
7575,19
15638,28
731,2 12
23063,0 12
24708,8
969,28 29
13509,0 5
16551,11
18109,18
25018,0 12
24403,18
13065,18 19
15945,27
118,5
18704,28
24865,1 3
21096,20
6052,19
26291,7
23070,10
26345,15 27
18859,0
24264,23
3567,2
17262,19 20
27034,12
24052,1 27
22634,14 27
21692,19
15408,2 30
2316,5
533,1 12
23782,0
12477,42
12586,0 2
23170,16 33
23634,0 2
3769,14
21594,27 30
18666,8
20490,0
12293,16
1249,14
20576,1 36
20631,27
20842,28
23358,1 35
3675,28 42
26242,27
25912,0
25313,12
17949,21
24587,8
12275,3 37
9893,20
5985,12
22872,3 5 27
17500,0 30
23429,2
17983,2 3
14237,30
15788,3
81,19
22288,13
14143,13
25668,27
26596,0
18376,8 36
6845,0 36
24724,19
21035,19
5253,12 28
1775,43
24076,8
15116,0 3 30
24712,18
14637,3
11310,42
23059,0 27
19912,3
2525,0 2
6907,19
6090,8
23863,2
219,0
25451,12
21275,20
168,0 27
6220,28
23451,2
20756,1 10
14953,0 12
20464,3
24758,28
20481,16
16156,16
2644,0
11466,2
9860,22
255,0
22034,12
19209,0 28
25642,27 31
26604,18
910,3 28
21006,12
250,9
6720,14
21172,12
26713,30
24023,1
26804,13
20818,3
3442,1
22809,30
4630,4
1126,1 28
568,48
24732,3 16
25131,10
5450,20
10822,18
22630,1 27
18037,2 12
9231,48
2923,0 4
20774,0
24215,1
22020,28
11941,4 5
22066,28
21601,28
7853,1 2
26073,43
22645,3 27
17848,7
1259,21
17174,0 2
24523,0 2
12264,48
24563,28
12950,2
24273,1
22180,7
488,0 12
20136,28
20600,0 2 12
18266,26
12844,0 3 30
6833,0
1522,2
22662,16
3383,14
26420,27
25835,18
17866,20
4012,0 28 30
26243,27
22989,0 30
7875,19
335,18
5679,18
22261,2
24093,1
24947,0 30
6825,12
6860,0 2 12 30 36
10823,12 27
20636,36
21588,48
26013,19
23242,16
22973,1 4
12618,2
7408,4
21393,27 28
15803,0
24707,12
22245,1
23084,16
14845,19
23146,1
21297,18
26294,21
20546,3
27030,10
22592,2 12
3213,27
183,19 20
9375,3
18916,6
22738,2 3
25108,28
26085,19
24746,1 29
1596,28 36
20216,27 31
6617,11
25723,27
25231,12 28
2725,3
21076,12
21525,19
23066,0 2 30
16278,12 28
16353,14
22429,0 12
16647,16 30
368,19
25237,27
14784,16 30
12786,12 28
14798,20
8572,27
18272,31 34
25117,12
22651,27
19612,3 27
13721,27
13857,12
24051,14
23871,2
4913,26
26196,11
19181,0 4
21458,20
17496,29
4096,21
24112,0
18570,0
12523,12
5017,19
11598,2
11488,30
22716,2 30
15014,20
21448,2 8 12
1270,0
15082,3 5
26980,0 30
5987,12 28
9810,12
24414,8 10
3062,0 12 16
2190,3
2537,23
11738,8 10
22614,31
25632,1
22757,2
22741,0
13031,1
21224,12 28 43
25236,27
354,0 12
3792,27 28
3894,12
24287,4 5
26985,18 19
7658,3 27
7669,19
25360,10
18260,19
12622,37
19736,1 2
4053,21
14616,1 2
551,30
22732,1 12 36
12319,0
24225,1
21403,1 28 36
25336,10
21872,0
7611,2 4
25554,1 27
19308,0
25736,44
23842,2
21616,15 27
20679,28
3992,0 27
22550,0 2
11508,0 3
22503,1 8 27
19053,12
3335,12
8185,18 19
21638,28
6654,12
22706,3 23
22581,27
23095,2
25046,1 12
14635,2 4
21147,12
15221,12
371,1
5078,2
3022,18 19
20571,2
25376,12
16699,18
26071,27
21800,27 28
22783,0
23216,0
7391,28
21111,12
7010,19
8802,14 34
19024,27
14900,0 12
15153,12 28 36
26939,16 31
16618,27
3321,12 28
22619,1 12
1286,2 3
7065,11
345,27
14596,19
9140,0
3602,8
21698,28
4449,0 15
6895,16
23373,2
5904,0 12 27
21687,40
21950,19
20833,28
24658,10
2988,12 30
3389,0 36
26829,2 30
26463,11
19839,12
22653,43
26315,40
23585,0
26742,10
25558,1 16
26322,40
22143,0 2 27 30
25672,29
20311,12
20735,3 4
22917,0 2
4463,14
20040,28
21964,15
24223,1
25424,12
1221,18
8916,0
21956,39
22254,1
5628,12 27
22263,0
17087,20
10493,1
6732,18
19318,7
21584,19
1425,30
25110,11
10883,40
26803,12 28
16179,28
23352,36
19735,2 28 29
25741,16 30 31
25133,10
22132,4 28
12073,0
10790,19
26077,19
13781,3 12
2860,18 19
8907,11
23710,2
610,3
12906,19
1208,0 2
25164,44
20618,12
13199,19 20
2142,49
9189,2
6763,10
9568,1
17885,0
8914,27
26002,27
22899,16 33
18645,19
7110,2 16 30
420,4
24797,0 12 30
9392,19
7851,1
22671,2 27
22368,4
21135,12
394,2
12042,3
22573,0 8 12 28
26004,27 30
21789,27
23308,2 3 30
20706,14 16
8671,14 16
9888,27 28
22452,18
12810,2 3
25837,1
24585,12
14500,12 28
4509,0
9624,14 16
20593,0 2
22803,32 49
14001,21
7890,12 16
2882,30
13613,16
6305,2
4664,23 28
26279,40
21166,19
25849,27
12070,27
21312,42
1193,3
22135,39
940,21
23430,2
24910,8 12
21590,20
18517,27
25183,2 12
26159,30
25998,11
22337,0
25646,10
25151,1 12
24767,21
7883,3
3822,0
24936,0
20416,16
26326,27 40
9418,1
22991,19
3945,12 27
22582,18
25886,1 2
11419,2 5
768,3 10
24244,2
19988,20
25300,12
6689,3
20361,0 8 10
21284,36
22553,19 20
21930,28
24687,12
10265,12 28
20981,16 27
439,12
8576,12 36
23832,1
26607,30
26953,27
16350,2
20747,2
6172,2
9236,19
1268,0 36
6826,12
18648,12
24839,12
23042,1
1297,0
25977,27
20306,2 15
4834,28
23510,2
24663,20
8315,31
17844,1 2
20730,0 28
26488,40
15785,12 28
16037,8
13789,0 15
19807,12 27
12564,12 18
8433,0
15212,9
25991,27
19128,4
6821,11
15852,0
25562,1
20525,1
6058,0 21
22390,1
1836,21
13489,19 20
24897,10
22456,3
22465,31 34
21372,3
9766,27
24048,0
24808,34
23993,36
738,21
20052,28
22207,41 47
24836,10
2410,18
16340,3
26102,15
26360,14 27
22096,18
22324,8 10
594,5
17079,43
21054,1 12 28
7719,12
4292,0
26030,14 27
6262,3
22936,21
15069,3 12
21759,28 29
19241,27 30
2346,0 2
20702,10 28
3902,12
25203,5
18478,20
22138,27 31
22890,13
22852,3 27
22336,0 2
15106,0 3 28 30
24970,12
1224,0
12427,0 2
21223,28
23463,4
20755,0
26443,27
26410,27
22725,1
15853,2 3
616,27
22887,1
25693,27
20838,10
4359,2
17134,19
21049,1 2
22543,2 8
1362,28
8607,19 21
17774,29
14892,0
24926,20
1919,0 27 36
24177,1
18605,44
396,14 15
22659,16 27
13690,30
21631,3 12 27
15091,16
24413,21
13451,29
282,19
5288,37
14949,0 30
22443,15
9381,3
2805,8
15866,27
18928,19
25951,19
20342,0 4 30
25170,12
25756,3 12 27
20202,2 4
20427,30
7653,8 12
10106,19
25320,0 8
25602,27
25768,40
24955,19
20399,4
21253,12
26857,31
24639,20
1548,1 36
22891,19
24575,28
24137,1
19604,12 28
26844,13
8165,28
25715,27
22025,1 27 28
17503,2 30
25516,28
26881,27
12542,16 28
22897,21
20400,5
4774,2 3
3445,2
7035,12 27
7242,0
23788,0 36
17037,16 27
19233,12
25506,36
26105,40
8827,12 27
20985,47
5814,12
20484,2
7562,30
22774,3
19576,1
17956,16
744,1
24073,0 2
47,18
24405,10
25373,12
24600,0 2
22522,0 28
3467,28
19685,0 8
12307,18
21933,20
11166,19
5842,1
24531,28
25391,10
196,1 12
7223,10 37
22533,2
21946,35
22048,18 19
13457,19
12161,2
23636,0
11778,12
18125,18
20222,31
22664,0 2
24094,38
1951,0 37
24981,12
10400,20
23457,2 4
22867,27
22826,1 12
22000,12 28
12221,0
46,19
13367,28
12473,16
3249,0
23876,1
13132,3 37
18736,1 36
24666,12
26494,27
10767,2 12 28
173,5
20483,2 4
21165,27
15794,1
28,5
21307,28
5565,0 2
21953,20
25679,19
410,2
23302,2
6396,30
24803,16
13180,20
4102,12 16 27
15900,4
21125,28
11243,3 12 30
20889,8 10
16085,23
4850,10
21492,32 38
4121,19
25272,18 19
12440,14
23421,4
22047,18
13401,20
1891,12
129,0 12
13567,27 28
21332,0
22519,2
22192,42
11144,28
22551,0
7133,4
6025,18
5740,8
12748,1 2
16865,28
13615,6
4648,1
23046,30
26366,14
20455,4
17071,12
17784,21
24393,10 30
1905,19
1736,47
23397,32
26570,18 19
13838,2 30
26850,0 30
24798,0 2
22266,36
8440,19
2553,16
24718,10
22703,0
22772,0 28 36
5441,0 12
17132,16 33
21763,27
26819,16 31
331,18
19708,1 12 27
22967,30
26150,27 30
11766,12 28
26457,27
21580,0 12 36
157,3 28
19898,18
25008,28
22458,12 28
22334,0 3 28 36
4262,0 27 28
18146,12 28 43
5931,48
8149,19
27038,19
20262,0
25295,12
6909,0
22488,19
16435,44
19298,12 36
14036,1 2 37
23792,1 36
22099,19
26865,30
6862,0
14797,0 2
1043,0
22740,1
19674,19
11109,0
13538,19
24100,2
15834,19
24294,1
3252,8
26470,15 27
20809,28
24651,11
423,3 12
21671,18
25146,9
21796,2 27
23926,0 30
22229,0 12
24603,19
4852,0
25722,27
14149,1 36
9661,18
1464,1
14366,1 27
23133,3 30
20027,12 23 28
18313,3 36
23757,3
26382,27
22542,0
6419,1
11543,4
23381,4
1472,48
26920,12 28
12980,0 2
6115,0 16
22600,0 27 36
15841,0
95,4 30
21749,15 27
22920,30
16254,1
24750,1
18506,12 27
6549,16 33
21481,19
25713,1 27
24686,19
777,44
17667,2 12 29
15576,12 27
20849,12 48
23267,19
23110,0 42
26936,21
12884,2
5211,26
4294,11
2721,19
14823,0 2
20929,0
7625,30
241,28
7841,12
307,2 27 30
16164,16
280,12
4004,14 27 31
26236,27
11055,2 4
14379,12 27 28
25950,38
21482,21
17578,1 30
23927,1
22560,3
15351,2 27 30
26951,7
18039,20
1614,8 12 28 36
25638,15
13017,2 3
24903,21
26755,18
9815,27
22875,0 2
12479,19 21
21428,20
25409,12
26827,30
5021,16
10640,28
4986,10
1118,0
16687,0
7806,27
26797,19 21
19421,2
19126,12 28
26368,27 40
7722,18 19
23614,0 2
22313,0 16
2955,2 3
23249,1
16498,0 1
9639,27
26327,11
25111,0 30
21058,2
20745,16
22992,0 3 30
21329,12 28 43
7046,20
23847,0
25949,21
25767,0 2 30
322,20
23859,16 33
11559,0
18251,12
24024,18
1153,0 2
21357,20
21640,18 19
10416,5
9512,0
13827,1
26757,18
24314,19
2871,0
13200,4
18952,39
24259,0
26798,30
10573,0 30
21112,27
19184,27 28
15971,12
20975,19
1181,30
23669,38
18796,20
26471,30
14396,2
25978,19
26165,40
12364,14 27
15482,8
23183,5
16820,3 36
17423,1
4689,1
22687,3
22144,0
163,12 16 33
22531,2 12
17235,0
12901,19
8136,18
3012,0
15242,1
5712,0
22097,36
14650,47
4271,3
13015,16
8829,1 2 12 28 36
6339,23
23765,0
24409,0
21269,0
25268,12
12143,2
19441,0 4
26656,18
24719,3
4146,1 36
257,1 12 27 36
74,0 2
6514,3 30
292,28
13582,12 16
24617,12
9483,18
11567,0 36
6722,1
26036,27
26263,27
12562,1 2
25936,19 20
26174,27 30
23915,35
16016,0 2
22983,2
22472,12
20712,12 28
13083,3
17910,3 12 16
26758,23
4054,19
15161,0
16600,31
686,19
6632,19
3568,0
15812,0
17315,0 2 28
21696,20
19228,12
26650,19
2979,11 15
25766,30
15644,2 3 27 30
3239,0
11306,0 30
13633,19
685,12
5857,12
18548,2
23922,2 12
20220,12
20557,16
4261,0 3
5519,1
25154,3
12378,18 19
1122,27
24611,12 27
21069,0 36
7882,0
14997,25
10302,12
25322,12
13814,0
26267,14
4824,19
1600,16
25071,0 36
5440,2
27013,19
19431,0 36
4686,4
12153,0 30
26076,0 12 27
20821,2 4
11622,16
21273,28
21350,4 36
7105,12 27
18595,15 30
18687,3 12
7453,24 25 26
2532,0 12
25497,12
4,18 19
26581,1 36
21703,3
187,0
23892,0 12 16 30
23823,2 3
22037,18
26903,28
18569,28
15246,0
5240,0 28
1945,0
1500,12
9048,2
13252,39
25262,12 23
5153,16
10856,10
24859,20
25309,28
21092,1 8
5008,43
3283,2 12
21826,2
13209,0
18836,42
24692,12
17768,10
14851,7 13
16701,3 12 28 37
23155,3
12194,16 33
21140,21
25786,14
11281,27
25096,12
17758,1 3 30
26910,27
19428,19
18556,0 2 27
10229,0 5
24320,18 19
3387,3
12546,0
23229,2
19876,27
26273,12 27
4562,2
16352,13
16846,2
21720,27
17936,27
9744,2 12
8146,18
135,42
24662,12
9139,0 2
16145,3
6131,18 20
24823,0 16
22534,10
20240,0
5566,23
12489,12
4403,9 10
25519,12
13382,14 27
24299,2
24883,1
541,12
2540,2
26579,42
15400,35
20501,2
3183,8
11386,0
24703,12
13326,27
26067,27
24167,2 3 36
21277,28
10617,27
26889,26
12805,18
16496,18 19
12584,8
23687,2
24308,0
26593,14
15795,0 2
320,28
25687,27
25563,28
14278,0 12 28
26482,27
19056,8
22869,2 8
21898,28
26106,27
14420,2 27
19537,3
6268,2
12814,3
11219,31
16560,0 30
16426,11 15 27
1089,3
11589,20
13148,48
3244,16
10137,0 12
18623,2
20086,27 28 36
22454,32
5999,30
21198,28
17127,3 30
20973,11
1220,18
14864,2
22767,2 36
24964,12
20819,8 28
21792,19
26173,27 40
23186,14
22055,18
6343,0
21034,3 12 30
5500,21
23126,2
24334,2
9074,19
18773,1
2123,0
21322,12 36
14335,3 12
23029,0
14633,1
9651,11 27
25570,28
5793,28
15281,1
1146,19 20
12637,27 28
15622,0
25386,19
21529,19
9983,28
24030,1
4250,21
24346,3
17675,18
22272,0
14267,1
23553,38
6130,19
356,0 28
19474,0
973,0 2
6376,19
20919,3 12 28
23899,1
7913,1 27
14148,28
25311,12
10186,1 12
21460,0 12 28 36
15699,0 12
27000,27
20504,0 3 27
7674,18
19569,31
25537,20
23682,0
2014,28
8503,0 35
26512,15
5954,27
26623,0
353,0
84,1 12
2625,19
26750,18 19
16510,48
26752,20
120,19
1378,8
19140,16
21211,19
23550,0
15449,19 21
24781,0 18
316,3
5391,19
22909,0
19104,18
17341,0
25948,12 28
25571,27 30
7997,2
20542,2
23415,2
21527,19
16257,12
24908,12 27 28
13117,2
20718,0 28 30
18486,27
23631,3 37
21327,12 28
22153,5
18552,4 30
26714,39
13883,16
26902,40
10395,2 30
25858,12 15 27
21391,27 28
22948,16
24932,1
8951,13
26233,27
24182,3
9243,11
10816,16
21660,12 27 28
15137,1 11
26700,12 28
6512,18
16597,7
3759,14 16 30
15109,2 12
644,23
26038,27 30
26033,27 30
22413,8 12
17777,30
25809,2
26046,11
22895,0
25138,1
26276,40
25579,19
23515,13
24212,2
57,3
7111,1 2
6149,0 12
22556,1
21102,20
607,8
14369,12 28
23641,2
61,15
4243,0 2 35
16580,5
1847,12 23 28
14901,28
22080,18
22140,16
5330,4
10451,16
24497,12
7884,18
17491,1 28
26900,0 16 27 30
9969,0 2
21924,27
5214,0 2 3 30
24542,19
23446,1
22019,28
24260,2
26912,31
17273,15
18400,0
20882,24
21815,19
18730,1
21538,7
17390,12
7576,4 12
4760,18
12948,15
8491,28
4024,12 36
8562,28
20537,4 36
25417,22
24991,19
14613,3
8289,12
17275,2
12299,0 12
20887,0 2
4513,16
23700,3
26999,0
13212,2 30
4580,1
550,18 20
25155,2
24483,37
21847,19
19463,20
21020,19
1971,0
26231,30
22905,0 21
22668,1 36
24598,12 28 30
21854,20
19932,19 20
6693,2 16
25581,27
26973,7
25053,29
11740,0 2
24445,10
20517,21
26825,21
15492,20
20796,0
21300,18
16318,2 28 37
22426,21
54,28 36
17916,3 27
23958,0 2 27
26746,18
6412,28 36
25622,31
21899,0
25813,27
25475,12
1414,19
23362,8
26731,18
26947,14
30,2
25920,1 2
21337,12 28
22280,2 3 30
2814,0 30
153,10
26941,7
14211,36
3109,10
10778,28
14314,28
25195,8 12
22058,18
21741,18 19
24253,8
22307,0
6974,12 28
6435,1
26311,27
24305,5
24069,37
1914,39
11837,12 28
20384,27
25806,1
25422,12 23 28
20541,13 34
22956,0 2
23406,32 38
17838,1
14638,12
6279,4
26472,27
21955,2 27 30
21132,29
20599,0
15377,10
24358,28
18914,2 3
25952,20
9608,8 12 28
18316,19
25079,12
14593,3
21292,28
22024,28
8514,18
1835,0 27 28
25697,3 27 30
22713,19
21831,0 2
1180,4
25296,23
10406,2
690,15 27
17669,27
23977,1
79,27
24327,5
20759,1 28
8357,0
6804,2 3
12842,18
600,2
23897,1
25312,12
23246,0
16075,8
2432,18
12790,3 12 30
3905,4
10880,5
25525,12
6768,0
21199,12
25049,12
504,18 20
26386,27
16008,18 19
11507,18 19
21045,12
23115,1
23237,32
23045,2
15304,0 27 30
23541,3
19230,0 2
10408,0 3
2850,8
26145,27
23593,2
22649,27
1405,28
20360,16
424,27
18294,3 30
26968,25
21103,48
24892,10
289,0
12225,27
25173,0
22056,28
26648,23 28
3018,30 37
25014,12
707,30
25518,12
24434,19
21421,42
22257,1
9427,1
20693,16
23772,0
24236,1 10
20550,35
4475,0
17632,1
19635,12
35,1 10
27016,18
26992,12
27002,18 19
25974,15
24688,12 28
26787,21
1670,0 3 30
17833,2 28 30
18389,0 12 15
23274,19
25276,12
26565,28
10743,3 27 30
19238,27
24174,6
23599,0
22189,29
17201,19
22699,19
16777,3 27
8784,0 12
19292,2 35
2137,16
20933,18 19
21662,19
15030,27
24980,20
23717,3
7226,10
26710,2 3
15535,12 28
9770,0 2
11915,15 27
21999,28 29
673,2 36
11520,1 27
22277,0 2
34,12 28
26111,27
11840,27
20462,16
20724,2
21643,28
24759,12
23240,2
16707,11
21737,12 27 28
17769,0 14
16185,44
17608,16
25397,12
27039,18
21473,19
17355,23
23724,0
13318,21
4138,2
12902,0 8
20396,2
21352,28
11160,4
10740,30
9382,12 28
23805,0
20878,19 20
8299,19
22217,20
17695,0
25617,27
25148,16
24176,1
12337,8
17953,12
2768,19
10779,0 37
5219,0 30
20808,2
25986,15
21918,12 28
5665,28
18488,27
26583,12
23434,0
23058,7
25614,27
22626,19
19911,48
18638,16 33
13853,0 12 28
25705,3 15
16898,2
17335,16 33
415,1 28 36
19919,27
24752,0 8 12
14392,12
20886,0
13764,0
352,0
13292,1 27
17102,2
20949,5
1119,2 12
13609,0 12
23034,38
20560,0
1837,12
9221,18 19
662,20
25094,27
21688,19
21840,3 28 36
21613,39
14294,2 12 28
10857,2 3
1213,28
15373,2 37
21032,4 30
2331,1
16175,30
20477,2
20697,0 2
15845,3 11 30
18542,2 30
7976,12 27
23693,0
12274,10
25538,12
23816,1
22484,1
23719,2
9900,0 35
25446,12
6386,16 28
13809,14 16 27 30
6281,9
22860,1 36
11418,28
17254,36
13714,0 30
14525,1
19804,0 8
17314,0 28
24055,0
17120,23
14624,0 3
5411,1 28
23071,1
15693,12 28
2867,16
25942,17
14252,8 12
8028,2
5791,2
812,19
18600,12
17511,42
17,1 2
7783,8 10
23050,0 30
8048,0 12 28
25248,8
22964,0 12
23608,37
16904,12 27 28
24106,1
19775,48
21217,42
25406,12
26374,15 27
26759,30
3691,2
1941,8
25656,12 27 28
1335,2 12 27
26063,19
20925,27 40
10180,28
1012,18
10130,3 28
19418,3 12 27
22820,0 30 31
21501,21
20467,0 2
10380,19
3494,1 30
8101,27 28
22107,18
25990,11
10975,27
25717,16
26526,18 19
11626,1
22866,3 27
23827,1
6629,12
9870,48
1786,16
26514,18
548,18
13175,12
26993,12 16 30
2881,12 23
23776,0
735,1 12 36
11521,1 8
7352,8
23951,0
21081,28
23065,0
26834,0 1
25867,8 12
21533,19 20
4332,1 3 27
23558,0
15022,0 1
13622,31
22294,0
6828,1
24736,12 28
15174,20
10958,15 27
14089,16 27
5601,3
23970,8
14994,0 3 30
11254,1
9246,27 28 30
23742,2
23980,1
23828,3
4123,0
7372,0 27 30 37
24036,0 2
2622,1 28 30
12663,30
18918,12
3380,28
404,1 36
25695,14 27 28
25283,12 36
9681,1
22978,0 2
26072,12
15332,18
25512,19
20034,2
15883,12
17336,12 28
2212,18
26045,11 15
11181,23
25086,19
15164,16
17782,21
11039,0 16
24449,48 49
26849,19
9740,18
26051,27
16342,27
24424,11
15029,0 30
25594,27 30
23865,0
15275,12 16 28
22861,27 30
14385,3 12
16280,27
15744,3 11
6084,16
20258,28
23702,23
17809,41
3500,2 3
21470,19
21700,27
82,0 2
17931,18
143,23 28
12565,12 27
6606,3 37
23576,0 2
1872,0
14627,0 2 8 12
26777,39
20413,0
24699,41 47
20777,3
24353,3
585,12 27
23872,1
3790,12 23 28
26500,11
26126,16 27
21465,12
23387,0 30
20102,3 28
19220,2
23741,3 16
24622,12
15781,19
25212,8
26218,27
13799,28
25608,27
21866,18 19
25805,21
6970,12
2888,0
26288,27
24499,12
18063,19
7900,0
26723,43
24529,12 36
22435,44
26592,3 23
25438,12
18806,16
23900,2
22968,0 27
6692,27
17387,12 27
19940,20
21958,19
19540,0 8
22376,19
23744,0
2642,10
19871,2 3
12279,27
7341,12
22530,4
295,1 12
22945,0
12700,1 12
3225,3
25857,11
908,1
20764,2
22221,19
11400,29
26644,8 36
15584,2
2369,0
5971,21
21539,21
13562,2
25153,19
18431,28
21637,28
8418,19
7503,2 27
26613,30
25030,12 28
21237,19
15892,12
10347,27
26080,40
1182,30
16935,11
107,12
21598,28
21442,28
17310,0 28
25762,27 30
23570,2
26152,11
19435,33
11361,0
26743,18
21543,11 27
466,0
7322,0
24496,19
14528,12 27
26767,1 3
425,1 30
3084,24
6359,0 2
4520,0
25048,18
25353,8
18176,39
15653,3
419,19
23803,17
1820,27
26569,12 27 28
24697,12 18
24470,39
5694,12
25429,19 20
21635,12 27
7528,14
317,0
7354,3 18
6175,19
22466,2
22214,18 19
20728,7
20858,12
21945,1 30
21817,19
24088,18
19581,2 30
7662,1 2 27 28
8686,19 20
24983,19
24520,1
6474,0 8
26701,19
9632,12 27
3418,16
8932,19 20
21318,28
25773,0
22857,1 27
8680,28
26619,3
16605,30
24744,1 2 3
23775,3
24335,0
18567,2 3
25432,12 42
11292,19
26024,31
26586,25
22105,19 21
24558,19
21233,0 36
18259,5 27 28
24541,0
13997,1 2
26006,11 27
454,18
405,0
17773,4
15389,28
19661,2 4
19353,2
13728,27
1866,12 28
25535,12
21794,28
256,29
7200,0 4
591,2 4
24433,0
566,44
18562,0 2
15128,12
22714,1
21113,19
18729,9
24524,1 12
13749,8
18965,28
24764,8
4905,19
17977,0 3 12
25342,18 19
3270,16 44
23036,4 5
13164,0 2
20853,39
16386,28 36
8716,0 2
22601,19
11899,19
9528,21
7271,0
13953,0 2
23450,27
23605,0
20825,19
7959,0 3
22342,5
22176,42
25468,28
209,2
10252,0 2
26537,11
25413,12
11434,3 16
18156,27
8421,19
15755,28
23432,2
189,0
24846,8 12
5264,0 3 15 27
18550,27 28
21977,20
23680,2 37
12158,12 28
10710,12 27
26028,11 27
25541,12
23898,1
2352,16 30
23292,36
584,39
3262,3
12213,21
25410,12
24906,19
13666,3
16532,12
86,19
3396,0
9828,12
19849,2 3
21530,21
23929,0 2
23933,8
23506,3
25326,12
24730,0 29
21152,8
4191,2 3
25210,0
4387,2 4
25178,1 12 23
24466,18
26801,0 30
3405,2 12
20899,2
23027,30 38
12482,19
12068,0 12
233,12 14 15
25333,0
22208,47
25494,12
24389,19
4067,16
11309,2 3 28
13543,0
23306,0 2
26884,48
25808,37
470,0
21095,0 28
21550,2 3
41,21
18305,16
15142,45
25776,2 27
24367,0 2
20324,1 2
1663,15
26253,27
25026,12
19725,19
24565,12 28
6711,1
6944,2
20866,12 28
10189,3
25844,12 28
8801,32 38
17892,12 28
387,25
11980,27
7777,0
22903,0
12114,3
19491,30
20736,3 30
25895,0
22112,28
15441,1 2 12
515,2 30
25926,12
23314,0
26136,27
26802,21
21218,0 12
9516,7
24741,3
8735,4
22591,19
21400,28
20553,0
25315,12
20623,0 28 36
4365,19
1363,2 30
11367,0
9345,2
25643,27
17299,1 4
23111,21
2806,1 12
26262,19
24124,0
24465,25 26
22683,20
26239,27
14302,2 27 28
21123,12
21296,20
22174,24
7346,12 28
17751,0
467,0 30
11526,21
4445,2 3
1846,1 27
2616,5
12640,3 12 14
17611,19 20
21558,1
5332,44
22837,0 2 14
9764,23 28
641,18 19
23830,0
22321,0
26896,30
15268,48
5550,2 4
22552,2 3 27
232,18
23341,0 14 16
8722,19
22494,11
20289,19
19005,12
23391,2
13756,4
16857,3
1745,20
21234,12 28
9793,21
23825,2
21510,0
8226,12 28
23508,16
3599,2 12
24131,3
25087,44
218,1 2
2283,2 28
8277,2
27031,28
25388,19
7610,3 35
22106,28
12968,30
22932,17
16513,0
18776,10
21348,11
24250,0 2
10976,2
8266,0
160,19 20
26180,11
3725,12
20581,4
26856,1
13898,12 28 43
23615,0
22735,19 20
19470,19
2993,16
5888,12
5024,10
4310,12
25783,2 27
14847,0 12 23 28
8500,3 30 37
20583,0 12
21618,11 27 28
4635,36
4882,27
24829,2 12 36
21943,1 3
21136,12
199,1 28
17389,28
21355,27
10281,1
23546,14 16 31
18900,30
18085,0 27
21419,0
22643,0 36
25778,18
23099,0
13682,18
5995,21
21604,27
22425,0
21310,19
13038,0
22877,14
25457,12
2084,19
8158,1
26473,27
5464,20
22734,1
986,18 19
24679,12
336,1 28
27025,30
25455,12
25251,28 30
22090,18 19
1461,19
13263,12 28
21599,30 49
24156,0
12660,0 30
23887,31 34
23340,0
24790,0
5590,12 27
13860,2
21422,28
15829,0 3 12 28 36
697,45
21346,27
9623,1
2647,0 28 36
672,3 27
3253,20
4327,11
23164,42
22636,16
8370,0 12
8388,0
23470,29
25056,28 36
14007,0 12
21975,29
23802,0
26872,19
2855,20
22603,0
23935,0
25009,10 12
25817,27
23315,35
5378,3
20564,0
14707,18
877,18
16595,30
309,19
26981,19
2634,0 28
3,0 2 14
26428,27
23172,2
24027,0
20824,12 27 28
528,1
10598,1
733,27
13319,8
21776,27
21001,47
8410,0 12
377,0
24756,19 21
22366,2 28
16549,10
22040,27 28
19169,2
25192,12
4780,28
14661,4 16
25618,40
12675,14 16
25583,12 27 28
24550,12
4584,16
2942,10
13255,3
26547,22
21497,19
21052,3
1358,0
2567,0
3126,2
7166,28
24210,16
23812,3
23389,0 2
20867,28
21801,18
14611,0 12 27
22694,16
5227,12 28
13198,0
8699,16
25085,1 2
8227,12 28
23100,14
24197,2
21556,0
24538,21
21380,15
2332,2 27
20765,16 28
23445,0
23136,1
18793,12 23 28
24953,20
15780,12
8229,4
22310,0 2
21249,12
25263,19 20
22249,8
3644,30
26873,39
24561,0 12
12374,11
25266,19
274,12
19234,0
15548,10
21106,8
26669,19
22984,3
9557,0 4
10595,0 8
11753,0
378,16 44
1975,18
24188,19
5379,19
7700,0 3
22952,21
21963,28
23604,0
20405,1
16612,37
1491,18 19
26094,30
7150,35
22935,16
26121,27
22577,16
18838,2
70,23
24083,0 35
11674,19 21
11914,26
11659,28
13537,2
24877,28
10307,1 2
606,0 11 30
18531,4
12144,2
8976,2
11009,3
24738,28
700,16
2491,18
413,36
10378,35
8542,2
2353,36
20624,16 28
1299,32
17919,0 2 16 30
7807,2
26763,25
8619,27
1834,19
22676,14 31
12652,1
23995,1 2
10026,1 12 27
6713,2
6221,5
24919,12
834,0
12905,2
23781,4
24031,3
17654,0
16215,0 2
12644,10
678,19
25577,2 12 28
25575,12
23751,0
21212,18 19
22681,2 12
23469,0 2
17601,1
4975,2
20554,2 4
25015,12 19
26840,5 30
23022,37
3474,28
9168,3
2786,16 30
24646,12
26020,11
6366,2
12774,31
25833,48
23545,2 3
6721,0
7499,1 10
22623,8
8525,10
25625,27
18178,12 27
20456,5
20797,5
21909,28
8099,27
12177,1
26785,2 3
3860,0
21961,27 30
25039,12
719,0 8
21426,19
20097,28 36
25204,12
25104,47
11823,0
3645,0 2 14 27
24104,4
16881,2
24026,1
20881,18
21989,19
1898,30
19888,0 2
17618,12
11953,16
14177,12 28
18030,16
25458,12
24387,48
21583,0
20773,30
23163,3 30
9021,2
14014,19
25619,27
22715,1
15692,12 28
14897,11 27
24924,19
8530,0 12 36
26487,12 27
23456,13
24041,0 2
481,28
10596,2 12 28
26540,11 27
22517,0
25074,35
21838,2 4 30
21309,28
1069,18
25348,12 18
23647,2
715,1 27
25726,18 19
26378,40
21197,10 12 28
12985,19
21509,19 20
19554,1 12
24734,1 12
15339,12
483,3
6675,16 27 30
15445,14 31
22563,2
13437,2
680,0 3
20904,0
8159,0 2
18845,0
176,27
16482,0 30 42
24668,12 28
24494,48
3357,5
8055,0
2817,3 30
25168,3 12
14738,31
19442,15 16 27
26241,27 40
21939,28
7602,2
9827,18
14082,3
609,0 14
26724,19
3049,18
24306,1
21549,18
6363,28
9430,4
22572,0 2
18076,23
204,27 28
16598,0 2
12962,3 23 28
22240,1 2
22491,10
17426,30
6097,30
21575,12 28 36
17424,3 12
1947,24
21859,0 12
24762,0
27006,21
4820,1 2
1232,20
9853,19
22069,18 19
25078,12 28
25565,1
26318,40
314,19
12989,28
8662,27
20117,0
21226,12
26987,0
16641,27
22126,28
15205,19
7695,12 28
17454,2
26863,37
9388,0 3
24828,12
23472,32 49
21860,0
12009,12 27
24371,10
20719,1 35
15432,18
21395,15 27
10556,3
25707,15
24292,20
21379,19
25595,12 27 28
1426,2
14339,2 27
26933,27 30
21089,19
391,2
24392,30
13243,12
15409,0 23 28
26010,12
22689,3
7149,12 27
26123,27
16246,0
23121,0 30
7817,11 15
18633,2 27
418,2 3
24968,12
15660,16
10884,28
18086,0 16
19326,0
7920,0 28
787,12 27
26331,27
8355,10
11080,2 28 36
13142,0 2 35
1998,40
18753,1 12
22271,3 36
26456,27
2246,12 28
18805,2 27
22996,30
21339,27
11763,4 30
22815,1 3 30
24451,48
2812,2
25610,27
15894,12
24045,3
26899,27
16045,8
22657,3 27
23069,35
105,27
4540,20
10472,2 3 30
26984,19
14324,18
4748,1
18879,18
24606,20
25181,8 10 12
25042,21
14496,27
22831,3
10043,8
26793,48
5261,0 12
17031,0 2
4465,0
9386,19
689,0
2623,12 28
20142,0 12
2776,27
7201,3
2241,29
24706,39
9978,0
22428,16
25510,12
2750,0
5501,19
27012,27
22187,47
3654,0 3 28 37
26255,11
25734,11 30
9506,20
26402,27
18749,2
24193,0 2
1116,16 30 38
21133,23 28
6865,27 28
17011,8 10
5403,18
26237,27
19317,8 12
6141,0
21452,0 27
22021,28
1174,5
10865,0 2 3 28
22222,1 27
15086,2 30
15573,21
26965,30
492,19
19920,0 30
20671,28
11175,27
12232,30
1070,10
20807,0 12 28 36
25073,28
26629,0
16403,12
2267,3
19695,2
12273,0
51,0 12 28
24717,18
23419,4 30
22380,2
25257,12
23867,2 3
8747,1
24714,12
25379,19 20
26546,12
24795,0 8
3516,18
11534,11
7600,27 28
212,0 2 30
18551,0 12
21167,12
15908,2 3
23130,16
16840,0
10183,1
21614,25
293,42
12100,31
59,12
6254,1 2
7537,1
23024,6
11189,21
506,28
24171,0 36
4515,2 30
21846,1
21251,28
25362,12
21193,18 19
10377,3
8535,39
7447,16 38
26240,40
23560,3
20445,1
24453,24 25
10053,0 2
1990,15
24939,12 16
14741,2
14891,2
6103,2 3
24172,3
677,1 28
2005,27
12397,0 27
24786,3 27
6982,27
22555,0 2
23837,0
19309,23
17316,0 2
21960,28
5312,27 30
25234,19
11576,0
21468,0 27 28 30
22071,27 28
26184,27
1343,3 15
3928,0
21368,2
25387,19
9393,19
21002,28
7240,14 30
23937,19
25445,20
349,1 2
13313,0
18846,2
23080,19
10256,48
16359,12
23230,31 34
18002,20
73,8
12900,2
7732,18 19
25194,8
16709,2 12
23002,0
24127,1
12937,3
24971,27
3353,1 36
14623,2 30
14684,11
9560,19
14985,12
6599,0 8 12
26954,16
23276,2
20295,16 30
4610,0 12 27 28
1040,0
22147,2
11958,0 16 30
7330,3 27
19215,8
22999,3 30
15544,18
17137,8
14728,2
25242,8 12
6524,12
25434,19
3038,12
26662,19 20
13480,28
21861,18
22444,0 27
25731,1 27
21919,28
12709,11
26478,27
9338,21
10340,1 28
6230,7
23153,2
7433,12 30
26972,30
10931,1
25166,8 23
15451,12 28 36
11789,0 35
19457,0 1 30
11805,12
11524,27 30
18656,2 11
9734,2
24608,18 19
26222,19
22306,2
25585,27
24938,0 2
12054,19
18540,0 2 36
6864,8
26676,12
24653,12
18454,3 15
12186,1
6083,15
6186,10
16418,8 10
1375,1 12 27
23090,19
1882,10
26208,27
16535,44
26058,27 36
21962,24 28
3317,1 27
614,1
11655,1
23578,38
2089,18
23921,2
23485,3
12157,3
10833,0 30
5691,18
25921,0 12 27
8252,16
22441,4 38
1741,0 28
22434,32 38
7195,0 27
10644,18
21023,41 47
7710,1 28 36
12509,0 14
23060,0 3
6581,27 30
4846,0 8
7847,12 36
13116,18
8129,12
22940,2 30
15538,20
9405,0 2 4
2100,12
25050,12 16 36
13393,27 31
5483,24
16349,0 28
20458,0 2
23743,0
22802,32
2386,14
5758,11 15
6040,19 21
12672,18
19782,19
9603,30
2696,0 27
15306,0 37
17139,0
16545,0 21
5093,0 16 30
21263,2
23924,0
26337,27
25711,27
22727,0
23161,0 1 30
21407,1 27
26496,15
25943,2 12 36
26296,49
3700,0 2
7539,1 3 16
15364,12
24419,8 10
24525,19
23651,1
15637,28
25378,12
20585,2
13052,33
23885,0
18187,23 28
26633,18
25748,3 30
26810,4
4127,27
11613,0 20
24418,45
10361,18
25356,19
25753,21
26390,14 27
19522,21
1100,8
17353,0
14742,20
22906,30
18252,27
15185,21
22954,32 38
21668,12 28 43
23795,0
24103,0
24220,27
26397,27
13381,0 12
12871,18 20
24960,8
23912,1
14542,1 36
21621,35
24680,28 29
22547,3
1964,20
24189,33
20632,20
22398,1
21620,18 19
2701,2
14048,12
20710,18
7891,1 8
25314,22 23
22496,12 15
25533,12
21528,12
23222,2
10802,0 36
14540,8 12
19067,12 28
24110,2
412,12
7256,3
22845,19
22763,3 27 28
15454,0 2
24136,1
18154,18 19
26869,1
24166,5
18724,10
7637,2
10070,4 5
400,0
23375,0
19860,5 16
20629,42
200,19
27019,18 19
5072,0
20782,3
24659,12 23 28
154,27
463,18
21279,12
26392,14
26422,27
23703,2
2523,19
19012,0
22512,0 23
19136,13
25419,18
19622,28
6342,2 3
9082,0 37
25780,1 15
5359,3 28
26567,23
4556,12 14
24388,10
26911,31
19324,28
23217,0
16839,16
24928,12
12610,19
18408,2
6561,16 33
26698,19
2952,10
8978,16
4742,21
10788,3
17375,19
19130,28
21409,21
14495,20
5190,12 16
20492,2 3
9763,0 15 16
1774,19
11603,2 3
6266,12 27
21994,29
702,27
21118,12 28 30
16181,1 36
15799,0
10194,2 4
97,27
14554,16
5823,10
22847,3 28
24715,18 19
8597,2 3 37
20794,12
23642,2
20408,16
16389,0 30
23722,0
25966,18
9523,12 27 43
26234,27
13385,19
5932,0
26536,18
24661,12
422,11 27
24935,0
4778,12 16
8925,0
24429,8
18988,1
2685,14 31
8160,2
24185,1
21915,18
26734,0
21532,19
9159,28
7560,0
26647,48
24229,1 2
23712,21
2572,0 12
1779,8 16 28
22045,28
26355,15
24777,19
25626,27
628,12
2380,27
26261,27
26481,40
12687,23
22203,41
2852,0 27
25013,48
18091,0
24802,3
21493,19
25054,12 28
10593,0
22233,1 10
21825,18
24484,19
24569,48 49
16849,8
15581,28
23174,16
22166,18 19
22526,2
3873,1
24733,12 28
19384,1
2239,19
6157,0 30
20475,0 2
23444,0
27011,2
75,27
22963,3
18967,1 27
25125,0
20243,0
2901,27
17166,3
6012,12 28
23223,2
26568,23 28
5388,0
24840,0 12
23119,2 30
21367,3 30 37
9610,0 12 16
21878,29
24479,13
4845,27
8982,1 36
5737,0 30
24685,12 36
20225,28
167,20
6758,2
3390,1
522,0
23435,1
22778,2
334,1
3561,1 3
16485,12 28
9266,3
22265,3
26729,36
21971,28
13664,19 21
22587,0
22971,2
23227,0 2 30
7740,1
26249,27
26223,15
26265,27
3170,13
17363,12 28
21286,28
10270,18
25868,11
583,19
1924,10
22493,1
19584,2 12
22702,0
25630,27
23405,0
24092,0
15129,0
433,1
653,16 38
26418,11
26957,30 37
18141,0 2
10568,2
21757,27
26356,27
2381,0 30
17109,0
21931,30
330,2 3 30
21710,27 30
2373,0
2256,28
9229,20
18901,0 12 28 29
18461,12
9712,2 30 37
19738,1
16736,28
21593,11
6709,38
9584,2 12
5243,18
24066,1
22858,0
5893,27
5239,16
17797,27
22052,28 36
21769,27
25189,31 34
4322,0
21210,27
7631,1 11 27 30
21024,19
24121,1
26425,15 27
23616,1 35
8458,39
25522,8
237,21
6371,1
7076,0 35
3391,1
24355,36
26284,27
5848,19
13535,20
9118,19
2648,0
12765,20
21110,27 28
26389,11
17296,1
26744,29
22776,3
23618,0
611,0
21028,28
24128,2 3
11223,12 27
26658,18 19
22283,2 3
21650,12 36
11453,0
9146,28
19851,6 28
26185,27
21683,28
26783,42
18850,19 20
23628,7
2823,18 19
23097,3 30
19468,12 23
9016,19
19406,30
20733,27 28
18614,12 30
16758,3
2793,0 30
26961,44
19527,1 2
21134,23 28 36
21540,19 21
21342,0
14582,0 16
25034,12
20815,2
675,5 36
4888,2
7190,3 12
13391,16
7501,4
24958,45
20079,2
19893,2
20463,1 36
23468,3
18535,19
3179,12
4526,18
24376,8
17927,5
19013,27 28
13691,30
8868,11 30
15391,16 33
15357,0
25566,0 27
23437,0
23779,35
17434,3 30
1114,1 2
24847,8 36
8650,29
10299,27
20958,10
2322,10
26529,27
576,18
24443,3
22980,3
21690,28
16147,15 30
19867,0 27 30
22422,19
24895,10
11597,12
6878,12
9009,0
23729,0
23606,2
23987,0
5765,1
23695,3 11
20931,0
15946,8
10751,0 3
20565,0
21323,18
11745,3 16 30
6605,0
20786,47
20869,12
10127,18 19
16996,18
6389,18
11592,21
25712,27
26555,12
17712,19 20
18131,19
20358,12 28
20524,16
23037,3 4 30
3735,0
16906,2 12 27
20723,0 3 30
4413,19 20
2007,0
2115,12
23736,0
25224,12
5209,2
24771,0 12 28
2729,0 1 12
8427,3 11
23474,2
25193,8
11937,2 3 30
21819,27 30
15326,0 30
15467,28
25161,1 12
24012,1 2 36
20874,18
23370,18 19
25507,12
8178,0
10057,12
22793,19
23355,0 2
8970,19 20
20433,2
23972,33
4065,0 12
2254,30
5599,27
647,12 28
21285,29
20634,44
13713,0
582,12 28 36
25480,12
8282,44
7938,20
25504,12
19970,12
21664,8 28
21750,2 27
15337,21
6892,28
19682,29
19817,3 37
21191,18 19
22760,3
26541,40
16283,27
304,20
18495,19
23851,2
14307,1
6673,18 19
11825,28
25970,20
11328,12
20028,12 28
411,0
26357,11
10651,0
8869,18
23272,2
22862,27
21462,0 8
10882,27
6433,27
8889,28
21949,28 30
2693,11 28
2512,19
24488,42
4174,27
4499,12
11927,19
14772,2
16007,0 2
1017,1 12
7238,0
10345,2
4511,0 28
17572,8
9075,12
19232,3 30
21708,23 28
964,3 28
13345,3
23815,0
21451,19 20
20397,1 36
17431,0 10
7104,2
19910,3
4043,18
25660,27
21431,20
10364,21
10320,29
25496,12 28
21676,27
844,28
23225,0 16 30
5862,12
25299,12
20657,27
10182,1
24729,0
20685,28
25081,12
1524,0 27
5161,12
17724,12
22124,3
25669,1 27
11410,0 27 30
23138,2
23595,2
20696,18 19
5448,4 5
22707,3
26930,30
23054,12
5770,19 20
22077,28
25472,18
22136,18
3629,14
22270,2 28
10226,2
19455,2
22579,12
9434,28
19626,40
23590,18
24248,2
21139,12 23 28
10681,36
18172,0 3
16500,27 28
24691,20
8258,0 28
26437,27
710,6
24332,0 36
24487,41
25915,31
21922,28 36
25240,29
22393,3
9798,1
24751,0 12
25692,27
25481,12
205,7
14998,18
24090,3
23072,21
7934,2
13598,12 28
22609,11
19265,1
8755,12
9052,6
6286,0 2 36
21461,2 27 28 30
22369,3
23715,0
25968,0
24275,16
22363,18
24791,0
3364,0
10208,12 27 28
23414,2
26054,15
9791,20
18155,2 3
25145,0
17681,16
14230,3
19448,0 2 3 36
26061,27
11336,27
10964,2
21183,23 28
26101,24 25
23639,40
24351,1
22916,16
24350,0
21189,28
25875,11
21858,28
22513,0 30
21427,41 47
25229,27
1370,0 1 2
26683,25
25918,27
24122,2
5446,18
25874,11 15 27
20096,2
26335,11
14343,30
21330,12
3989,10
20348,0
10627,28
25810,2 27
10329,27 30
17222,0
4524,1 2
4124,48
516,8
23974,10
25144,1 11 27
26119,2
2673,0 16
11270,2
12722,27
23538,0 4
9711,30
24133,35
24514,0
21856,0
18875,19
6042,6
21098,18
20992,0
21921,18
14970,43
20957,10
15952,0 30
25674,19
11816,0 2
13346,27 28
617,28
26084,27
20982,0 35
10032,16
24340,4 5
22884,0 37
22251,0 1
19257,18
4833,3
22617,1
24011,1
13951,27
18402,18
7273,13
23051,49
9956,38
16497,36
25149,27
12603,22
16566,0 12 27
25795,27 40
7870,19
9401,8
8065,26
6515,0 1
803,19
17428,3
7281,16 38
16420,19
15115,2
23584,1
17124,0
22654,14 27
7177,18
484,19
11327,1
5755,48
20683,10 29
10614,2
21059,3 28
169,2
25275,8 10
1080,3
12882,25
15595,12 28
6702,0 2
26983,31
22969,30 31
20991,20
24267,14
8044,3 12
21201,12
23488,0 4
23807,1
22332,0 2
26380,11
6285,28
21709,30
20789,42
24373,0 38
25681,27
2886,42
19475,11 27
2620,30 31
22495,21
13790,1
23797,2
23975,1
8097,3
22078,28
20535,2 3
14352,2
17092,12 27
11974,2 3 30
7015,2 4
25119,19 20
24291,6
21374,2
22412,48
22500,0 27
24430,19
20641,28
16410,2 30 37
9178,1
23998,2
6365,0
26674,12
12314,8
21639,22
17354,12
25292,12 23
24417,45
15703,28
20502,3
23213,0 30
2487,19
21993,18
2658,42
23165,0 3
26878,26
14762,18
681,3 27 30
10360,2
23127,30
7887,0 3
21928,18
4489,3 30
26774,20
1432,3
22701,16
25097,26
11686,3
27037,43
23737,3
21739,27 28
25159,12
21155,28 36
25158,0 12
8080,5
1576,39
25931,19
14261,19
22487,0 12 27 30
8463,1 2
26369,27
20135,2
17417,3
24621,12
25383,22
10929,3 12 30
15006,27
17319,5
22480,0 12
23557,4
9101,1
12749,44
1013,27
26149,30
20917,0 28
9315,2 4
26415,27
2,1 21
23537,1
18707,21
23730,2 4
24975,12 27
14043,28
23392,0 30
9138,1
7811,0 2 8
4112,12
24985,12
12484,2
21121,12
10597,39
4859,1 30
25900,2
24595,2 27
22258,1 2
16248,1 2
25185,19
32,16 33
11978,12 28 43
16276,32 38
13901,0 3
23481,1
3788,30
22013,0 2
3830,18
25855,12 27
23709,0
12539,3 30
24858,3 12
3624,8
20530,0 2
22628,2 16 27
26257,27
17333,18
24532,42
17091,12 27
3240,2 3
26861,30
4560,0 14 30
20955,10
20151,12
305,0 2 12
11369,12 27
26874,2
8365,18
26099,27
24183,4
10584,12
4966,16
24378,10
5451,19 21
20684,42
3966,18
23105,19
22328,0 27 28
18811,8
7466,12
9644,10
24831,2 12 36
25696,27
301,20
23801,1 36
25191,0 2
24079,2 4
13361,0 27
23092,4
15530,0
24588,16
21807,28
19139,30
5616,2 20
22718,0 12
601,18
21467,12
21321,28
10959,0 30
10309,16 33
25428,12
5778,21
21474,19
24826,16
9552,0 28 30
5685,8
21449,14
9799,2 30
23064,0
9566,0 12
20293,0 8
2631,20
20586,0
25329,18
23770,3
23480,27
24872,10
4541,16 28
26990,39
26429,27
23981,0 28
25530,12
13513,19
21304,18
23015,0 30
3604,12 27
4952,41 42 47
7855,0
21651,16
23789,0
21965,18
5339,28
22743,0
1655,19
23592,16 33
23467,0 3
21088,3 37
14857,14 15
14394,28 42
25524,12 28
22101,20
24655,10
17824,8
357,12 28
24152,0 35
7825,44
15184,2
2237,3 12
25754,0 30 36
21725,27
26952,30
19826,2 30
22546,12
21291,12 28
22814,16
3137,12 27 28 30
24627,12 28
6669,12 14 16
25102,41 47
26612,0 27
6027,20
8343,12 28
21809,28
4565,0
20080,18
11429,2 12
1413,1 2
893,0
23956,6
23489,0
198,31 34
21656,12
13991,39
22485,2
11085,5 12 36
2162,3
25547,27
26876,0
13899,2
22898,0 1
11883,20
6809,2 3
4868,48
8479,18
23761,2
12367,18
1867,28
21523,4
23556,0 2
8960,19 20
26238,11
6030,0 15 27
8705,2
564,23
5815,18
7478,2
15528,0 2
25421,12
9475,0
20491,35
328,3
7520,0 3
1638,0 30
16148,8 12
3217,18
24533,42
19593,23
24669,18
24366,42
10114,28
26373,11
19799,14
23527,0
25259,12
22479,8
12516,2
20073,28
23007,10
18329,3 37
12854,18
693,12
11253,12 27 28
7792,0
6813,0
17901,12
5713,28 37
866,27
18549,1 27
18196,27
25560,7
21735,28
2873,19
20518,2
25733,2 27 30
23231,0 2
24916,19
23516,16 33
20763,1 3 28
15983,19
25230,11
315,8 10
24085,2
9423,2
9343,12
24547,18
1534,12
17487,21
26794,19
22001,12 28
9195,12
20579,0
15416,8
18463,0
22155,41 47
663,13
26552,23
17940,16
24850,18
5356,3
14405,3
6966,27
25667,27
10853,12
21761,27
24978,12
15291,8
13290,16
8954,2
21495,19
298,12
6020,20
11147,3 37
26696,8
445,12 27
25814,2
22183,19
8243,1
21988,18
1183,0 12 28
26574,19
26043,18
14514,0
24343,4
12512,2
7068,19
17666,2
24450,49
24626,27
7490,0 12
26914,27 30
20799,4
17261,12 28
364,48
26645,10
4940,30
17863,0 12 37
11448,1
19372,0 2
15851,0 12 23
7017,0 8
407,44
13303,0 30
24800,3
17730,44
25820,19
23023,3 4
1511,21
26654,42
15951,12
26200,15
23417,7 13
22438,0 8
20664,28
26867,4
9323,0 7
7045,0 16
7461,12
19392,19
18574,48
24342,44
12398,1 10
7019,12
21240,28
25327,44
21978,18
19219,12 27 28
5871,12 28
25822,3 27 37
26316,0
23212,16 30
16855,27
25491,0
22779,1
25220,1
21518,20
26480,27
23322,2
25924,18
23394,2 4 30
20830,0 16
172,27
19697,12
8985,44
9963,27
19152,2
24153,5
23166,1
4234,3
17778,0
23784,1
1822,28
5973,0 11
24943,12
5344,0 2
24018,4
23512,0
12623,10
22094,28
15876,7
6753,1
17295,0 30
22792,19
6848,16
17234,0 12 36
26976,27
11693,3 30
25227,12
1744,27
8805,12 28 36
26283,40
22244,28
24169,0 2
14768,29
17499,1
21863,38
21885,27
22067,28
1693,31
5720,2 12 28
565,2 28
25414,12
21404,15
24974,27
9818,29 47
26464,40
17736,0 30
24851,1
5682,0
6741,42
5394,2
21940,23 28
26935,42
12101,3 12 27
9955,23
26495,11
19040,19 20
2029,2 36
13621,0
7923,28
21625,15 27
24757,0
7561,8
742,0 16 30
3027,19
23116,2
15782,3 30
18208,12
12383,16 27
24817,19
4976,1 27
7712,28
23735,1
21816,0 2 12 28 36
21867,18
26887,19
7830,2
20071,20
24513,21
26507,27
6624,0 2 29
20954,20
21397,3
26809,3 30
1518,0
26,3 27 30
11529,19 20
6521,2
5878,12
4196,0
10799,0
3922,28
17897,20
18451,12 28
15746,18
7868,18 19
21548,28
18324,20
13061,7
7120,0
2049,0 35
8486,12
26664,1
2714,18
13982,8
25067,8
4217,2 3
9855,10
6014,2
24047,1 5
18543,30
4815,21
20347,19
7250,2
21944,28
24269,20
3615,23
25122,12
1561,14
25216,23
14116,14
4440,15 27
9173,12
14152,1
14102,1
12222,19
4255,16 33
22044,27
6322,1
786,2 36
26003,27 30
24081,1
13452,1 12
23378,0 4
6139,1 27
22854,0 27
14975,12
311,15 27
17948,3 30
26851,33
3853,30
26578,18
580,12
3890,0
11632,0 2 27 28
17484,30
18149,12 28
18298,23
25503,8 12
19386,2 5
10950,2
26949,21
4872,18
4950,12
21144,9 10
22808,42
21354,28
22717,5 16
26462,27
26690,0 37
3495,1
22933,1 10
24624,12
5603,2
24907,20
2216,37
22606,1 36
10749,0 2 37
22234,1
4900,12
25269,1
11209,28
25091,19
15757,35
21659,27
9530,4
2742,12
25543,12
9233,2
21911,28
22804,3 10
24813,35
25864,27 28
7126,11
14071,3 12 28 36
8683,27
25890,27
155,2 27
4997,2 4 5
24866,1 12
15344,19
782,0 3
2448,0 27
3198,1 12
24386,0 30
6381,12 28
4185,3 12 27
16765,30
11951,1
14046,27
24028,1
22255,27
23808,16
21762,27
20242,12
22750,27
22595,0 12 16 36
6870,1 12 36
25201,27
12137,6
20801,3 27
22268,0 2
23204,2 3 4 30
24505,39
3097,2
22697,0
26285,19
25869,27 30
13034,18 19
9095,12 27
26371,27 40
9181,3
26430,40
458,1
1703,0
1205,3
14013,0 2
7800,21
25441,19
26433,11
23337,3
25587,12 28
15200,12
20642,13
9112,3 12
25461,8 12
5719,27 40
20988,1 12 36
21716,18
23088,3 30
12376,3 28
23271,2
15386,3
22057,28
1981,27 28
6379,27 28
7627,0
22521,0 35
20714,0
6724,23 27 28
21894,18 19
20850,28
25600,3 28
23962,32
12704,18
26686,12
3492,1
22748,8
25509,28
17244,20
10173,1 37
16470,18
26120,31
2903,1
20749,18
26747,4
19787,5
21090,19
19099,11
4547,8 12 28
18183,12
5819,2 30
20956,12
1267,10 28
23660,0 3
26383,27
9987,19
22442,8
23266,0 3
2018,8
868,0 28
21247,28
12414,8
22786,30
8014,12 36
20800,8
19836,0 27
23260,0
6161,0 36
21063,12 28
10890,14
20652,19
536,28
23360,0 35
496,12
26406,21
23477,0
25905,2
22955,19
22387,0
22213,12
17900,37
14330,8
24880,20
65,0
18712,0
19564,2 27
22764,1 10
3856,19
25184,3 12
1385,3 12 30
18490,0 3
20947,0 12
25179,2 12
26594,2
17700,28
22974,0 30
11491,1 2
12893,30
25884,27
13273,1 2
17837,8
21037,3
5427,16 30
26103,1 27
9897,28
3241,0
26657,8
21942,19
14063,28
20903,20
25718,12 15 27
6010,27 28
10109,3
108,21
1250,0 8
503,3 12
23701,2
21369,0
636,12
17672,21
5522,18
14512,16
24863,8
22921,21
11798,38
26398,27
25440,20
17918,28
10450,19
26256,27
15903,23
5232,27 28
25501,12
20161,21
22565,1 10
20527,0 2
26806,18
25209,12
26883,7
21128,20
20966,12
23731,0 2
20690,27
64,0
23649,2 4
17638,1 4 36
24328,2
22605,27 31
20678,29
8963,3 27
4862,0 12 28 36
8996,0 28
23526,3
7449,8
22008,18 20
25812,21
25029,18 19
9801,2 15
23764,0
4457,20
21897,28
23408,14
22127,42
20785,0 28 36
4009,0
5703,2
26269,27
25981,18
13357,2
21805,42
25084,0 3
22855,3 15
20447,16 31
19402,1 2 28
13956,0 36
25947,1 3
20620,0 2
223,19
21606,27
22169,11
278,0
20144,16 30
5546,12 27 28
26635,2
26192,27
18058,19
19361,18
4478,0
23758,1
23833,49
22065,18
14069,0 27
18087,2
554,0
20861,19
3837,0 30 36
127,12 27
23906,2
16183,2
26846,38
1350,21
4306,2
21849,18
346,28
16412,20
26332,27
7650,12
19069,3
2808,12
20909,21
92,1 28
26186,27
26932,30
2687,18
5906,39
2057,21
22289,2 29
15257,20
14832,0 12 36
4160,3
12891,2 12
22807,3 30
24720,12 27 36
21258,28
25791,27
919,0
13398,19
20088,4
17211,0
3429,0
4158,0 2 36
21678,12 28
14436,0
21644,3 27 28
1532,30
517,30
9704,3
6655,15
26417,27
385,15
10150,4
20503,2
20640,28
6372,19
10742,19
3430,0 36
3682,21
13119,12 28 36
25935,27
7680,42
22236,20
26107,20
25527,12
19922,0 2
26188,14
755,27 30
22929,2 30
5816,12
20839,10
8515,0 2
2156,28
25825,0
2577,18 43
1355,10 12
1814,0 16
12407,28
25568,12 14 27
22896,21
20655,36
21158,28 36
9889,1 10
13279,36
22469,0
20713,0 14 16
25784,2
22117,28
2624,28
21740,19 20
22017,28
15680,2 3
27010,27
26738,18 23
22211,42
20674,29
18108,20
26515,27
26504,19
20431,1
4117,15
26528,15
1284,0
2496,0
25139,12
25827,33
9063,21
19295,0 2
16622,18
705,12 28
17300,2
7460,1
26250,11 15
22798,18
20937,4 5
23884,16
574,27
495,0 5
25747,0
5944,28 29
26545,8
26064,27
6029,0
20666,28
20989,27
24489,18
18764,27
22292,0
6399,0 3
23169,0
9753,2 12
26081,2
2666,30
5200,3 27
19517,20
6771,0
20572,0
25321,8
14964,10
20420,0
17831,0 8 12
230,0 28 36
3150,16 31
17340,1
22455,12 43
25559,12
22302,2 4
6135,3
22175,7
24580,12
25655,27
25465,27
21241,28 36
22822,0
25962,15
3426,0 1
25325,20
23882,1
7196,4 5
23754,3
6528,1 48
2824,0
18702,0 15
10118,2
11877,19
12090,2
24099,2
18480,1 12 36
18929,19
6750,19
12781,0
23041,3
15722,2 12
9972,2
25128,2 3
22943,0 2
20284,28
4178,10
8901,19
639,0
4685,0 2
22770,16 30
26005,30
7286,0 30
22648,27
10661,0 3
21235,18
25843,12 27
18023,36
9592,19
1800,25
20522,0
21256,0 12 28 30 36
5155,19
22450,0 16 36
23529,1 2
22223,0 36
7590,19
13014,0 27
19360,16 33
7946,1
24472,45
14215,0 35
20223,2 3
24604,20
22181,42
5721,0 1 27
1658,19 20
20999,12 27
2792,0 2
16538,19
20085,12 28
9109,27
4639,10
4617,3 30
23184,30
24809,3
20673,0 28
7268,28
15507,0 4 30
12239,2 15
2477,0
21222,19
451,12
27001,28
24579,12
24383,0
20846,18
6028,9
10867,4
15791,19
23460,0
20648,18
2940,27 30
4974,0
598,27 30
13870,0
13422,0 2
4990,0 12 36
11732,11
8537,20
23681,14
21770,2 27 28
18212,21
18834,1 3
14958,19
22026,41
21565,0 12 28
24965,12 27
26293,27
5605,20
5126,12
20775,0 28 36
23663,0
2166,13
1478,27
19530,0 27
8506,2
18428,12 28
13143,20
12426,3 37
20637,28
20538,0
5531,0 12 28
701,1
12357,40
5398,0 36
2255,0 2
15101,2 3
1113,1
1075,1 3
8583,2 28
17026,2 12
15925,16
21562,21
24254,0
19349,2 3
5479,18 27
23140,30 38
13891,0 30
25167,2 3
17539,0 2
654,36
23611,19
6257,20
21751,27 28
12354,0
11216,30
5743,30
23654,3
8231,0 28
20962,0 3 27
5968,2 27
10636,19
1566,28
9003,2 3
24534,18
4315,2 8 12
17393,27
24158,0
1602,3 30
26039,40
19105,0
2547,8
5902,12 28
23086,2 4
10258,3
10002,1
22297,30
16694,12 28
13425,8
390,7
76,2 29
20507,0
24245,20
3199,20
20976,28
14758,12 28
20840,28
16107,21
6270,2 12 30
21175,12 28
20412,0
26272,11
17513,12
741,16
5455,10 30
24502,12 28
24471,26
11322,12
21879,12
26589,3 27
523,12
22081,28 36
15844,27
26974,2
20411,1
6559,27
17906,28
25374,18
22461,2
16151,3 30 37
16695,3 30
3582,0 12 28
23269,0
7426,20
21283,28 29
4239,2 27 28
10571,16
20877,47
25976,27
25616,39
20436,0 16
869,19
1128,23
11197,1
25995,16
4570,28
16459,48
17525,23 28
21670,27
23120,16 38
20761,0
24549,27 28
14748,47
21485,19
25609,27
23966,0 36
24084,2
23813,19
17282,2 27
22993,16
24168,1
25686,19
15026,18
11725,3
26375,11
13082,8 36
4575,2 27
1686,0
24058,2 3
24438,30
11913,1
23398,13
3827,21
19598,39
26170,27
8678,19
20470,2
3658,0
25061,8
18245,20
6296,0 8 12
25550,0 31
24878,0 12 30
24586,12
11090,8
21115,16 28
25889,11
22404,2
2798,14 16
17093,20
26461,19
20698,20
8362,0
21412,2 3
26221,27
251,30
21219,10
22554,0 3
11008,2 3 27
6737,0 12
18789,0
363,3 27
14507,28
26347,27
7162,0 12
26459,27
19938,30
25906,0 12 27
140,19
4631,22
16813,16
12861,19
23458,0 2
7112,20
5357,16
10800,0 28 36
20037,1
20372,28 48
22018,28
22285,0
24063,2
5654,2
3456,0 2 27
20076,19 20
25508,8
2387,3 27
24098,2 3
15227,3 20
8386,16
24301,2
22583,20
11583,2 3
20157,27
18395,16 28
22072,19
19832,1
1599,1
2328,15 27
24698,28
8552,30
14221,46
20851,12 27
3767,27
23178,7
13759,2
9199,12 27 28
4149,2 27 28
23658,2
7512,12 27
10054,0 30
7160,19 20
25714,0 27
23117,30 38
24148,3
10563,12 14
2556,0 4
17946,0 30
24475,45
5461,28
26391,27
20699,2
26875,45
5596,12 28
24560,12
24416,46
21822,28
109,12
165,20
27028,0
23455,13
228,7
18513,0 16
10116,19
20457,6
1300,0 28
12050,2
22128,41 47
235,18 19
6009,30
10358,16 27
5005,2
26877,19
24888,10
1410,18
17105,1
21333,18 19
1929,1
19198,19 20
4939,28
24147,0 2
23356,1 2
24352,1 36
19795,3
2120,2 27
25070,23 28
26395,27
24064,0
22145,1
25910,0
25925,0 12 27
17278,39
8261,3
6473,19
26532,40
9008,0
15536,19 20
26421,27
21743,28
17640,11
14671,8
26160,11
21245,20
618,3 12 28
24065,0 36
10215,8
19344,2 3
18784,2 3
11985,1 20
26446,39
25343,10
22881,3 37
15073,3
16807,2 4
13840,12
24984,18
19507,12
25934,15
23666,31
26622,0
3597,15
10015,3
26782,19
11970,14
24333,0
22758,35 36
13136,18
19745,1
22775,2 28 36
22882,0 12 36
5725,3
20677,12 28
24049,0
4654,12
26998,19 20
9010,27 30
15634,12
13251,20
25871,27
24631,12
7074,21
12642,11
22528,3 30
19409,27
26835,2
4577,1
7176,2 4
23627,1
10739,27
10052,28
24890,10
21163,12
23190,16
23810,1 2
18147,12 28
2368,30
3647,30
23626,1 35
22624,20
24336,1 35
21545,18
11596,3 16
26816,19
22981,0
500,1
2504,0 12
676,27
22015,2
26638,0
17313,28 30
272,0 28
2848,48
26423,27
22912,0 16 30
22323,0 28
23431,4
8727,4
5635,0
2918,0
25899,0 15
14815,19
671,1
26748,25
11,0
657,0
25670,18
21486,19
670,12
296,28
26510,27
2660,0 12
22060,28
26737,12
23192,2 30
12629,27 28
4754,12 28 43
23646,2
10783,10
19567,0 30
16961,27 30
22640,18
24015,16 33
24482,8
21100,18 19
659,28
25958,0 27 30
13045,19
26485,28
5174,8
6248,28
9410,12
25922,1 27
16754,12
16542,0
18751,27
21126,28
22281,18
26964,18
21929,27
288,0 37
17629,14
24573,19
16084,28
1733,27 28
24407,3 12
3393,0 2 3
26557,28
17468,2 3 12 27
14986,27
18795,15
24629,18
1214,2
10736,16 27
19880,0 16 33
22729,3 37
25157,0
10003,19 20
6609,2 4
13076,12
13757,0
10198,23
8455,12 28
26779,24
26678,27
186,14 27
164,0 2
24421,10
20630,18
23587,1
25546,36
12784,3
104,2
23113,27
24854,28 36
23622,4
26474,31
10021,16
25928,49
21270,48
12924,1
26615,3
1850,10
12753,27 31
21647,18 19
17440,40
23148,29
25612,40
12061,2 27 30
2154,12
2975,2 36
10537,0
21906,28
21303,8 12
8025,0
329,10
21202,12 28
9369,12 28
9991,27 28
8544,0
20860,12 28 30
277,20
22557,1 36
22068,28
22835,8 36
18209,27
18699,8
20911,0 2
16582,16 30
23726,0
18599,1
22773,2 3 30
22064,28
6501,7
22832,0 2 36
18591,0 12 28
18630,1
23769,2
21535,19 20
21334,18
25511,18 20
22436,46
23040,4
7766,42
27021,29
5183,27
26499,27
20435,1
25739,15
24915,40
24304,0
9902,36
14594,2
9531,3 11 27
21264,12
26340,27
25448,12 28
18780,2 12
13931,27
4733,16 31
22102,28
20946,0 30
16994,0 2
18986,3
26351,39
15235,2 3 16
26441,27
9129,18
5751,0 3 16
26154,27 30
8341,12 28
858,20
9550,14
24288,2 3 28
24623,12
26213,27
23888,2 36
4214,27
3662,0 14
23528,0 2
21228,18
340,0 28
9505,2
10616,0 12
2598,20
23205,25
8944,0 5
18192,3 12
9213,16
16795,27 30
6041,2 16
13843,21
6216,27
1330,19
10308,3 30
16928,18
3245,5
732,19
13342,16
16639,10
26321,40
10046,12
22243,14 16 28
18045,22
24119,2 4
24737,27
12124,12
20276,27
8618,0 16
5798,2 27
17478,3
20938,12 28 43
9742,12 28
365,2
20822,19
22736,27
24454,21
16219,19
26018,15
26808,3 12 37
18726,12
24401,10
17905,12
7516,40
15574,36
22700,0 2 12 15
23661,1
17523,12 27
21679,27
26927,31
8193,12
23999,2
643,3 30
9148,1
22416,18 19
22420,27 28
26551,11
23549,16 38
20121,10 28
3512,16
25375,12
22644,1
24102,2
1587,11
16762,39
21778,27 43
10363,12
26665,39
15674,0
8239,16
25800,1 27
20783,1 8
16253,0
10244,7
11616,0
26508,11
21325,28 29
22173,12
15518,0 30
8756,3
13024,8 10
5895,16 27 28
22678,1
19596,16
24948,23
14485,1
22633,3
20234,20
7009,12
9020,27
18158,3 11 30
3938,12
21663,27
5516,0 12
25037,8 10
13322,16
20934,2 36
25293,1 12
19882,16 31 34
11799,2
21117,30
56,3
26905,40 49
20888,2 28
5647,12
24893,12
13359,18
21557,21
15223,2 3
24062,0 2
8404,1
26754,23
23255,0 12 30
26720,12
26350,27
7816,0 27
22712,19
8501,27 30
23122,14
11355,1 2
26859,9
8103,0 30
24108,2 3
26989,0 30
123,0
21951,3 30
13256,2 33
25124,28
2279,0
12754,21
18006,20
24364,21
16338,2
25214,10
12154,28
14955,8 12
19900,19
22191,42
4953,0 12
1936,3 35
16275,0 27
21207,18 19
262,16 28
7167,19
4167,27
2467,28 36
22990,2 30
25891,27
23905,2
16752,12 28
23952,2
24219,3
23923,2
718,16
23438,1
26290,27
23831,1
2406,0 30
4180,29
26924,0 30
24397,18 19
24871,3
18447,48
7307,28
14866,27
13868,0 27
5116,12 23
8743,1 27
24493,19
19621,10
1172,2
8443,1 11
15011,16
25960,3
8091,1 27
8350,0
23601,4 5
11936,6
24848,0
14084,14
10527,21
5492,12
25520,20
556,2 12
22844,19
5986,27
5242,8
23806,0 2
166,21
24785,0 8
20665,28
16926,0 12 28
10780,12 28
12128,1 12
33,16
474,1
23760,16 38
116,0 16 33
24519,3 5
24515,39
3037,6
19825,16
6765,16
8923,11 27
6178,2 27
10763,1 27
8030,3 11
26093,11
17472,12 27 28
4425,3 28
15792,12
16728,0 27
22395,0 12
23692,1
15126,1
22038,28
24853,0
20277,20
5847,1 36
5579,12
4060,12 36
25416,12
24200,0 3
26795,19
25351,18
12732,20
21195,12 28
15770,1 2
21306,20
10824,0 3
8580,2
23554,0 2
161,21
20153,25
23226,16
21672,28
16206,12
26114,27
5035,30
24446,45
7947,0
234,0 36
6888,1
20868,19
17689,0 2
6105,0
12583,0
7607,12
24209,1
261,30
21456,12
26813,33
18482,12
23162,0 12
15628,2
21392,0 28
18868,0
1132,18
20762,0
23295,2
24609,12
24901,8 12
23524,0
24977,12 15 27
12345,23 28
21215,19
23534,21
7764,27
23766,1 36
22430,14 16
24322,1
13042,1 8
6387,42
13218,20
17630,12
25937,27
9377,2 36
302,12
11860,30
18379,19
26671,12 28
26732,14
17658,2 14
10670,33
22576,2 4
1283,29
2830,8
25038,28
14464,3
25116,18 19
7701,0
17224,1 27
23881,2
545,12 27
9903,0 2
22733,1
16746,18
25603,27
25802,14
62,21
23304,38
7667,0 1 30
23498,2
20343,2
25022,18
6054,0 16 28
23102,32
9970,8
21552,16 28
5033,19
23814,7
13605,3
23035,0 36
24582,12
13765,8
26287,27
25169,1
7515,12 27 28
15388,4
8561,2 37
3951,0
22291,0 28
20540,3
24187,1
16170,16
4979,27
10718,2
25908,12 27 31
22838,0
8545,1
20923,0
13887,0
23733,2
9985,18
1170,45
4483,18
22762,0 30
18372,2
23908,20
10535,12
21948,20
5134,20
22231,46
19270,12 28
22755,3 37
5958,8
21653,27
19336,27 49
17359,12 36
25382,8
8219,1
22403,2
1539,0 30
15542,14 16
25059,20
24029,1
2324,2
13793,18
23713,0 36
1485,16
24896,27
5606,21
3008,12
19941,12 28
25613,11 27
18663,3
21114,2 3 30
1474,0 2
4579,16
12858,20
25888,1 27
19548,27
21983,18
23985,19
20395,12 16 27
17148,14
23268,0
16270,14 27 30
26219,27
16671,3 16 33
6247,12
10442,1
925,7
23672,0
25664,19
16057,0
21752,15
25807,11
23319,13
4150,3
12880,2
2534,19
4646,19
19915,19
7514,20
23699,0
25165,1
22910,0 2 8
25439,0 8
26703,30
409,8
12476,19
586,27
9960,3
24139,3
21731,27 28
8721,2
26447,27
537,1 2
21022,28 43
8280,2 4
13913,16
22593,0 3
23655,0
22658,27
14117,3 28
7280,1 2 36
2174,28
26503,27
20119,3
20908,1
21410,3 30
747,26
2596,42
8297,27
24126,3
2683,0
25002,18 19
15247,28
8016,3
14956,8
23685,2
3102,18
19481,27
14515,2 12
23860,1
21105,12 27
538,1
3002,1 35
512,19
17957,29
19127,18 19
13111,12 27 30
1169,12 29
22728,1 8
954,1 30
12127,0
11910,19
13366,19
21177,9
14531,28
15050,0 3 27
6402,0 12 27 30
26740,26
24080,0
22356,0
18774,18
20927,0 12
240,2
26169,11
21003,28 47
25372,20
25057,23
23901,0 2
24155,27
25641,20
4230,0 27
22219,9
10211,8 12 36
249,21
5589,0
23106,0
2703,2
1281,15
20700,2
23547,1 36
19075,12
9954,2 14
24664,12 27
3024,11
18564,28
4309,12 28
26187,11
5622,0
25279,25
10414,11
17394,15
11679,37
23928,2
26493,27
60,28
23336,0
16074,2 4
12098,2
18011,3 30
6423,2 4 11
5187,1 12 27
10203,14 27
1890,28
24448,16
20543,19
22154,0 30
25532,12
13755,0
306,12
23849,2
13726,28
26870,30
7546,8
24498,12
1204,12 23
25330,12
23950,0
16561,0 27 30
23180,39
19980,12 27
26733,26
6442,15
18383,12
10995,0 27
24078,19
4480,0
13266,28
6587,12
23239,2
17662,3
19639,0 2
22402,3
17982,2
114,19
23997,27
11539,12
21569,14 16
8322,12
4186,12 27
7211,5
1620,2 30
26709,30
20548,5 36
24931,0 12 27 30
13507,3 12
22514,19
21116,28 36
23835,0
25396,19
21969,19
17827,12 28
13057,0 2
21205,23
15697,0 27
11479,0 36
8383,2
7396,0 3
26832,21
22611,2 36
25324,20
21345,21
4743,2
20598,0
2513,28
18394,3
19483,0 1 28
23594,0 2
22421,2
487,28
21888,26
6348,1
1772,2
21645,40
22823,1 27
22296,3
26203,27
16454,18
18423,21 30
19641,11
25963,0 27
21775,19
16447,0 4 30
23982,35
44,28
4561,0 16
13444,12
23704,0 2
9820,0
19339,16
16073,12 27
21713,12
8222,12 27 28
22538,0
631,14
17161,2 3
4875,4
3850,1 27
8792,3
16065,12
15000,12 28
25513,12
16520,3 30
24480,48
8824,0 16 30 31
3365,20
5933,0
6960,18
18674,7
21995,7
24230,14
20506,2 4
3411,2 12
13611,0 1 12
13363,12 36
26011,36
26109,27
25946,27
22986,16
22782,2 30
23270,0
26634,11
15827,11
5206,12 28
22204,47
25557,15 27
25174,8
18113,18
21143,12
10845,0
23361,19 21
16015,12
12599,18
10368,18
26157,27
27003,28
11481,2
6162,20
26148,30
12244,30
18939,0
6546,1 35
23914,2
25317,8
21542,27 28
25841,18
5949,12
25221,3 12 28
19102,3
22559,20
25758,11
21520,19
6935,26
22089,28
6167,27
21033,0 12
24748,20
26306,11 15
26822,37
20965,12 28
26112,12
24184,32
26096,40
24754,8 12 28
22110,19
14195,0
26706,28
23350,21
4323,12 30
21227,18
310,0 1 12
17843,0 3
21505,19
23402,16
1932,20
15078,18
18440,8
16836,0
21216,18
23020,2
283,43
13986,12
26778,16 33
134,8
24894,8
403,0 23
26617,2
9536,22
927,12
24295,29
4981,16
22109,10 28
21268,18 20
25319,12
8509,28
10872,1 2
16402,1 27
448,2 12
16142,0 16
16256,0 2 30
24042,0
472,21
26068,18
20414,16
24357,19
25358,0 12
8309,2
24313,1
9634,0
10855,12
1762,19
26032,27
21655,2
18281,20
17546,20
37,23
12130,1
6298,13
26310,27
21818,28
23182,0
25140,3 12
26280,27
1877,3
7733,0 36
17826,4
24349,6
22863,21
8797,12 28
12661,0 12 36
7525,0
623,2
508,11 12 27
17447,3
23273,0
23582,0
25730,3 27 30 37
9033,2
9737,3
18503,0 30
15529,2
23540,0 36
23518,0
24344,1
6264,0
10843,2
13560,4
8899,12 36
10755,15
23968,5
6378,19
26921,20
25549,34
16759,0
13889,12
24816,1
26969,32
2987,19
8423,2 37
16188,3
13877,0
3862,1 36
3726,28 36
14228,1
21027,1 16
4290,2
21636,20
22311,0
18807,30
1831,1 8
24025,3
12495,1
19225,1 2
22516,21
11283,0 30
24329,1
22194,18
3780,8 12
12330,0
22014,28
10233,19 20
23869,3
9789,16 27 28
22116,28
22318,1
21445,21
13207,1 2 36
14617,2 36
6911,2 3
10794,1
8760,0 2
25561,0
22876,0 16
22737,27
11385,18 19
24546,12 27
18887,27 31
25354,12
216,3 13
8776,0
21182,23 28
23423,0 19
203,0
11500,48
22976,0
26554,18
18164,12
14943,0
17344,2
15950,11
11525,16
577,0
19657,18
3229,0
22361,1
22343,0 3
5759,28
18026,20
6573,8 12
23252,2
21382,0
9157,12 28
26661,18 20
19477,0
21729,27
18293,18
25460,1 10
14431,2
26365,27
2716,12 36
18082,23
23954,0 2
20996,7
6553,1
10386,12 28
10731,14 31
15641,30
18963,3 30
13276,3
26820,0 2
26229,27
23996,2
22709,4
3880,27 28
5070,0 1 2
2626,2 12 27
20534,0 2
2106,2
1678,3 37
8696,16 33
2188,28
8088,18 19
13201,45
21280,36
21274,28 29
21127,28
20990,0 12 28
14618,30
21833,2
20968,12 28 36
25092,30
24231,5
231,2
552,1 30
25407,21
12763,28
7342,8
22746,3
15662,28
21722,18
26281,11 27
26130,27
12089,14
26330,0
7906,2
16626,21
17433,12
21788,18
632,0 28
19410,10
8449,1
26074,15 27
19144,8
16646,19
11256,1 35
124,8 10
24123,0
19335,21
20389,0 2 30
21623,15
22031,27
26439,15 27
20587,7
1191,28
18027,3 36 37
22768,3
8837,0 4 30
8396,28
23890,2
7340,1 12 28
23018,0 30
16596,0
20328,1 2
3863,12
14311,0
9452,18
178,2 3
20077,3 30
22925,0 2
10952,2
15220,2 27
10612,18
18273,28
1313,35
9472,8 28
13856,3 30
21715,16
8393,23
10838,2 3 4
2060,28 36
24140,3
6023,12 36
23044,2
4606,27
4056,1
19245,0
26317,27
756,3
18185,0
25347,18
21496,21
18872,19
1243,3
25245,1 12
18386,12
11646,12
24570,12
25136,3
19059,12
17587,28 30
6643,21
17547,18
2559,0
14911,2
16644,4
8919,3
26741,25 26
531,0
24869,5
299,28
2668,3
6429,16 38
19026,47
24578,23
24044,0
26048,11 12
22394,28
25829,0 2
21157,19
22115,28
20814,16
21179,20
10149,11
380,27
21097,23
18378,3 30
7962,0 12
1986,19
17937,10
23521,0
6552,0 28
15540,3 28
26937,34
4257,0
5850,0
8653,30
21884,27 31
11873,28 36
9581,19
13155,27 28
23691,2
21036,0
25823,2
21293,8 28
6707,0 2
25222,12 27
10264,19
24721,0 12 28
21190,18
21721,10 28
21068,2 12 36
2429,10
17114,35
21394,1 27
24056,3
25355,12
23720,2
6265,2
6831,8
6263,4
20694,28
5899,2
8654,0
22184,47
24298,1 3
24957,12
24440,27
8567,0
23335,3
6447,4
15197,23
22505,2 27
13365,5 28 36
24506,47
19032,0 27 28 30
22451,3
736,2 36
20667,28
21554,27
20986,0
20606,0
26768,12 30
20676,28
10218,22
22781,2
22959,21
265,5 47
16167,12 27
26521,11 27
6076,27
24296,2
19995,0 27
12777,12 23 28
9152,2
1646,14
3215,2 3
7239,1 20
26153,11
3867,12
21038,0
6608,28
5689,15
21072,1
16304,0 28
26190,40
26670,12 27
14264,12 27
6794,12 28 36
23562,2
7535,12
16124,21
341,2 4
10733,3
11294,30
15761,3
24142,2
5305,1
16135,2
23552,2
18221,12
15298,15
1083,19 20
24852,10
23798,1 2
24396,8
7665,27
5371,0 30
23978,0 36
20682,28
18165,0
6218,28
14583,30
20672,12 28 36
21326,28 36
17365,18
4837,48
1419,19
23543,0 15 27
22518,0 2
14226,0
24677,1 12
24468,20
25589,27
14837,8
6421,11 27
17474,7
5503,2
18188,16
23310,0 1
14460,12 27
665,18 19
5445,12
20893,3 27
464,12
19713,19
2573,18 19
18117,3 12 28
13174,0
7895,0 12
25866,42
17425,0 16
11722,21
4378,19
22599,11
25751,0 1
4450,2 27
22597,1 12 27
24930,12
2985,42
18775,4
4771,12 23
24634,27
21914,3 28
25682,27
22970,0 30
332,20
16859,2 12 28 36
20681,28
8880,4
6250,34
26598,35
1120,27
1746,18
933,1
23279,2
20716,12 36
22708,19 20
20551,4
1530,19
14921,3
21719,19
16102,1 36
24796,2 3
24882,8
562,16 33
26388,27
16980,1
21004,10
9525,12 36
2956,12 28
10988,0 12 28 30
16586,0 16 30
19465,2 3
18265,26
9432,12
26209,15
22680,2 3
21685,10
25198,12
2743,28 36
24571,10
8565,0 8
15948,15 27
15186,12
13833,18
18612,37
23224,2
8927,1
15760,0 30 36
24656,19
15865,0 3
20856,28
24728,19
8135,0
8006,3 12
5146,18 19
14626,37
3683,20
22987,16
9504,0
6645,1 2
7629,19 20
25815,11 27
22800,13 49
26917,19
25393,1 12 36
11271,12
13193,3 12 30
20615,1 3
14422,2
881,16
14736,12
575,12 28
20523,2
23404,0 2
9355,27
24540,12
10714,0 2
26015,27
13301,1 27
25593,16
11061,27
2296,20
386,0 4
337,3
5964,27
4539,0 36
12425,49
14301,44
4300,44
6979,0 12 16
23385,0
22091,29
26725,23
16787,0 3
17737,12 27
18926,3
27004,26
26131,3 30
26786,7
12698,12 23 28
21764,40
21705,1 28
6303,3
15599,19
2370,0 35
26435,27
23609,0 2
16714,16
214,12 28 36
24021,2
13108,2 4
21534,49
23822,2
807,2 12
24689,28
20654,28
21612,12 14 28
24474,20
4326,12 16
20880,12
17779,19
21855,18
20892,12
25666,47
21475,18 19
19281,3
20935,28
2704,20
18186,28
5563,0 27 31
21091,30
6137,12
18287,28
13281,1
26571,23 28
10398,8
23028,0 30
14804,0 8
11044,11 27
16068,0
25331,8
26818,3 11 27 30
26603,19
19646,16 30
20601,2
20680,28 29
15015,28
23610,0 2
25699,0
22185,12
23644,3
24973,1 12
543,27 28
13777,25
10870,16
9459,14
14120,12 27
22544,0
23787,16
15245,19
24262,1 2
465,27
2588,12 23
11944,2 3
16294,2
18501,1
21324,12 27 36
21017,27
21057,1 12
25003,23
2813,3 33
22780,12 36
26660,0
25897,0 12
21364,0 16 30
22447,10
2706,16 28
25492,8
23771,39
18511,18 19
4436,20
2720,3
14686,27
19904,8
18618,2 3 30
15224,28 47
18107,18
21823,28
26224,40
23234,0
5724,27 30
26178,27
22769,3 12 16 30
19848,1
13751,27
26602,0 12
2024,16
20895,30
21728,27
2488,20
11363,12 27 28
8104,12 27
26059,27
14777,39
5594,1
13235,3
21843,1
19575,0
20511,1
1770,0 3
26339,27
22477,2
2599,12 36
21773,11 28
20725,8
23179,2 30
22674,1 2
25854,19
6676,3 10
24945,12
26206,31
22352,2
2195,2
25536,20
9476,1 12
18653,2
9920,12 28 30
23755,1 27
12197,0
22536,16 33
26359,27
8592,16 31
25334,12
1622,1 27
24673,12 28
7786,37
691,41
21050,20
23433,2
23548,16
16464,19
14973,1 10
26372,15 27
23159,0 2 30
1575,12
5523,12 33
25150,27
25973,27
25190,12 27
6719,0 2 28
20961,19
20896,3 12 28
1271,8
27,0 2 4
23870,0 8
2854,4
1707,12
21829,8
325,30
12696,1 12 27
26562,27 28
13167,2 30
20780,1
21910,28
8075,3
25289,10
5528,16
23288,0
24543,2 28
22888,16
185,1
6679,0
20742,20
22095,43
25405,12
13,27
6431,3 36
22409,20
23848,2
7993,4
24577,27
10863,12 27
1108,1 27 30
24912,19
8242,16
6908,2
22859,11 30
4267,2 28 30
25584,27
21597,12 28
25399,48
12133,0 27
21857,0
3422,20
23145,30
22927,0
14136,44
26906,40
478,8 12 28 36
19161,0 27 30
23656,0 3
21261,29
359,27 36
22002,28
12349,3
20532,2 36
24390,21
21162,27 48
24988,2 12
21896,27
13062,0 30
3140,0 3
21402,27
18814,10
24660,12
23817,2
16414,31
224,12 30
20864,12 28
21041,0 1 12
355,20
24190,2 4
19560,0 27
4960,19
26031,27
23705,19
21691,19
3859,1
358,11
26556,0
20914,10
10461,23 28
19323,5 30
20661,2 36
26194,15
10893,16
2390,19
25586,18
22331,1
3151,2
20526,3
16478,30
22449,10
2802,35
24039,2
23983,0 16
5380,11
2320,30
11565,1 35
14508,0 23
3994,0
21194,12 28
18412,2 12
3146,2 3 12
402,4
13761,19
24512,20
67,12
10924,21
15309,0
11099,4
25223,28
5536,30
837,0 4
21377,0
6919,2
19129,10
26353,27
4395,18
15643,16 44
25401,20
11244,0 28
2356,12
21336,18
21727,20
16305,17
26007,30
9749,6
12111,27 40
19414,18
21714,28
7305,3 30
24130,1 8
24705,41 47
13742,12
6564,0 36
22414,18
22401,16
15589,1 27
14452,0
15405,27
17039,12
14868,0 28
16114,3 12
12999,0
12261,19
16771,16
13735,1 28
3847,28
2777,12 28
5303,13 34
10077,28 36
1783,1 27
16348,19
4558,0
6497,21
3045,5
1488,12
20871,28 36
13985,0 30
12318,28
20859,30
22632,8
3059,12
24362,19
21707,19
10104,12 28
7880,12 30
18442,16
25620,40
11541,3 37
7757,1
1,0 12 30
9514,1
26994,16 33
24709,41
21747,21
4535,28
10075,18
21652,27 30
20767,0 8
15655,1 35
25606,19
26207,7
375,0 2 12
11286,21
1999,14 16 28
2323,2 4
2934,21
225,22
21080,12
4860,10
25982,21
684,19
9490,0
561,27
24208,3 16 33
11729,2 3 27
17155,16
25466,12
23875,0
15307,1 2
26414,40
8608,30
22308,2
1717,1
2922,0
18980,28
7573,0 12
21875,8 10
24161,0 2
8658,0 3
21615,27
20905,0
6761,18
645,0 30
15561,36
25701,11 12 27
22975,0
22275,0
22492,0 27
22190,21
20972,28
9518,0
25967,18 19
9656,0 2 30
9453,28
2372,10
17559,28
22939,16 33
8522,8 36
15381,19
2046,2
253,18
5581,16
22381,0
6352,2
24427,18
24830,1 12
25969,12 27
2992,3
26026,27
21366,3 28
20038,0
21937,28 36
22389,27
9909,5
26600,12
13075,2 36
4854,16
2343,3
25883,12
21008,12 28
4777,16
14853,27
630,4 27
22502,0
20468,11
22588,28
25898,19
24599,7
4023,2
26403,27
10296,0 12
25044,19
137,20
9621,7
22934,32
20748,28
24607,19
19627,21
24900,8
23947,1
18056,2
20334,13 30
7605,27
815,11
14021,12
11818,0
24723,20
15826,1
21832,37
24986,10
6704,28
1455,19 20
972,12
16842,1 30
26247,27
22063,18
8174,0 3
23919,1
24855,0
1354,1
16216,27
17745,2
20473,0
2366,20
25521,12
7835,2 27
24359,48
23091,32
14489,2
25961,18
10993,12 23 28
260,18
20721,1 3
10650,2 30
8373,23 28 37
4338,14
10574,19
25624,11
14260,15
5294,3
10228,28 43
5327,2 11 15
3111,1
20835,28 48
12218,0 15
18508,13
23081,0
26069,11 27
8958,13
23696,0 1
23125,36
20977,27 28 43
17881,16 30 33
14678,8
20536,1
16448,16
23112,0 16
23903,1 27
10844,11
1577,8 16
14079,12
4797,6
25514,8
14993,8
4490,2
1469,1
18946,0 2 27
25860,20
13993,12 14 16 27
24610,12
22350,2 36
40,0
24032,32
9620,12
23588,3
2950,12
22290,0 5
25249,10
6290,0 3
26286,27
2665,19
21066,28
23739,1
12324,11
21563,27
21225,12
21693,12 27
23826,3
22471,7
12173,19
14245,28
23854,1
103,20
8235,18
6329,12 27
21424,19
269,0 36
6522,0 35
14801,18
23388,2
24009,1 35
27008,18
10020,19
4995,0 2
19743,0
11550,2 16 30
24969,11 12
16719,11
17963,2 30
22902,0 2 30
6664,0 30
22086,16
5883,19 20
202,0
1842,3
553,0 30
5571,12
21047,8 12 28
17565,7 13
6616,12 27
4199,1
26523,11 30
23129,1
22515,0 12
26721,8
16688,12 28
12362,3 27 30
25264,19
18238,19
20701,1 36
22092,19
5980,0 2 4
7246,2
147,18 28
24763,8
5007,2 27
10773,30
24650,12
21758,27
11864,48
22359,0
23568,2 4
4260,27
22030,28
21192,20
3983,16
24742,20
21129,12
11769,0
26640,18
26065,27 30
6446,20
24693,19
20454,2
15606,0 12 30
10216,19
2747,0
21600,19
25954,11
24735,0 12
11761,0 2 30
4319,12 30
23261,0
25598,27 28
6039,0
12382,2
3290,0
2289,18
25200,8
26278,11 27
23135,1
2712,15
22816,0 30
21824,18
22574,2
502,1 12
22196,7
5667,0 12 16
16328,0 8 12 27
22179,44
20556,1 2 36
23689,3
23185,1 30
970,3 30
1861,1 27
25838,8
15413,12 28
25836,2
25041,18
21478,19
20493,5
6618,15
24630,2
22388,1
25737,0 27 30
22567,2 4
22667,16
14965,3
16355,12
22158,42
17276,12
25913,0 27
26550,20
21820,23 28
21634,27
22642,16 27 38
3628,18 19
696,19 21
15679,0
26205,40
23853,0
23963,2
23904,1
26843,30
8,3
20781,2
17080,0
23953,3
22711,1 8
14376,10
21851,0 36
6990,12 36
22340,1
16969,0 28 36
13629,2
20951,0
50,1
23214,0 4
24654,23 28
14220,0
3010,19
23531,27
19090,0 8
26135,30
16689,1
13981,28
9455,19
10594,10 28
7217,0
4136,3 12 27
14057,3 8
6999,27
14859,0 36
3330,19
15563,12 28
22010,18
7876,12
5803,0
22070,28
21079,1
22830,31
25953,0 12 27
18396,15
10611,16
22120,19
25885,12 27
15066,10
21463,48
19630,8
17686,42
26971,0 30
4461,3 16 27
20429,1
23718,3
23334,16
23282,0 2
16685,12 28
15670,19
26183,11
26450,44
22686,19
247,0
26432,27
25143,0 30
8591,0
23925,2 4
25488,12
20918,2
26894,30
25832,27
9408,19
25368,8
11034,20
24566,10
21060,2 4
19656,0
24584,18
22499,0
25462,12
21974,19
25176,18 19
1546,31
24361,19
13519,1
16833,8 36
21361,3 27
23565,3
11202,28
17829,40
7069,27
21434,3
5419,16 33
26348,30
16528,15 27 30
8702,0 35
16298,3 27
2242,0
23076,0
20187,12
26913,11
854,0 12
783,3 12 30
8085,23
6550,2
3716,0
23598,16
26814,27
3871,19
3689,12 28
514,3
20651,28
22901,0 36
4945,3
8077,30
8181,12
24602,19 21
243,12
25755,0
26923,30
4935,1 27
26691,12
7152,0
20303,12
20186,0 12
21281,12 28 43
26719,4
22177,42
26771,27
18572,2
16197,2
25402,19
7424,12
24690,0 12
24522,19
22197,18
1731,0 8
12963,30
12655,0
10889,12
7824,28
21243,12 28
13731,20
22227,3 28
25944,18
11441,12
1077,1 27
17614,19 20
23396,14 27
5295,0 4
16018,12 18
12911,28
4444,0 27
25328,12
8937,1
21425,27
20046,0 2
19167,8
1768,2
6243,8 10
24280,5
20659,18
4804,28
21704,20
10818,2
18760,0 12 36
4334,2 30
12325,12 28
191,18 19
14716,10
14599,28
15565,35
3976,28
26277,15
324,0 3 15
15919,8 12
23767,4
15008,12
17180,27
4318,3 30
23991,0
27032,18
22511,0 12 28
6152,0
20739,0 30
624,19 20
6903,2
21603,30
24317,1
3115,0
11657,12
18942,18 19
8604,12
7815,3 4
23343,30
22098,19
8325,0
8237,19
7727,12
26925,20
7477,0 27
20639,3
21471,37
6940,43
22027,18
266,31
27014,18
1352,3 27
22684,27
1376,27
25083,19 21
8201,2 12 36
13784,3 27
20386,30
8539,11 16
8188,27
21064,0 2
24822,2 4
25426,8
24326,27
21900,12 28
1865,1
2202,19
26860,30 38
13640,18
6120,16
18065,11
25685,27
16643,3 30
26533,27
20471,2
19133,0
9509,0 16
25308,12
26842,16 30
319,0 12
11573,18
17566,39
13675,16
9694,19
22660,2 30
597,2 12 27
3342,0 3
136,20
24544,12 23
24601,29
12890,4
23218,3
21171,16
15464,12
22868,0
21351,11 27
25708,2 27
21578,1
11511,23
25290,18
23532,21
19844,19 20
24356,1
9619,27
20485,8
5051,12 27
23157,0 15 30
17990,12
20446,0
25821,7
15157,1 12
93,2 30
10687,16
6700,0 30
22490,0 8
26022,27
25819,1 12 27
11548,0 12 36
17536,18
457,27 30
8183,16
26518,27
23544,4
21164,28
7581,27 31
24075,1
24765,12
17339,2
15466,3
24711,12
5747,21
23471,0
3118,12 27
1380,28
5289,0 3
2764,2 30
26452,27
26982,24
285,16 27 31 34
23052,16
2839,0 30
19251,0 12 27
13436,2
23938,2
14552,12
13549,3
23141,3 20 28
16081,0
2394,0
15650,0 27
19037,29
4125,19
21901,19
24082,0
24477,18
15054,20
17362,0 2 12 27
21356,27
7290,2 12 30
1844,27
24589,18 19
18594,27
22405,1
16357,0 1 12
16539,3
24861,20
15587,18
258,0 19
12916,12 27
23055,2
23323,1 3
12771,0 30
7491,12
23563,4
19325,30
664,18
22298,2
26653,12 36
25381,19
18361,0 12
26558,18 19
18689,0 30
3031,10
20452,0
18279,3
9218,32 38
1499,0
23137,0
7127,19
20950,0
25121,2
25270,10
26401,27
25816,16 27
5331,27
22241,1
21699,3
23448,0
2493,28
23650,0
11307,21
1450,11
23514,1
17673,8
23403,3
5366,16 27
14533,0 30
24891,12 27
5532,27
24982,2
21359,20
22724,30
26516,18
20592,2
15895,2
26140,27
23484,16
26839,21
291,0 2 27
22141,1 11
1883,3
20960,3
17747,2 3
634,0 30
9100,19
26784,30
26882,28 30
1307,1 27
12301,0 2
10586,0 12
26544,0
4272,3 27
21477,19
303,3 27
21399,2 3 11 27
24149,2
20434,4
25859,12 27
20549,2
12865,12
26075,1 27
24442,48
2317,12 27
3047,26
344,19
7269,20
26251,27
20409,2 3
21726,1
23874,0 3
5686,11
25765,3 27
24145,0
23220,2
23796,0
1158,2
14829,8
9299,2
10010,0 28
20054,0 12
9686,2 30
23581,2
7267,12
23573,16
22061,28
3063,12
23630,1 2
23187,30
17796,20
11563,12
3441,0
22198,28 42
26230,40
23195,44
22693,0
21317,28
14865,25
5595,19
6188,1 2
25650,12
23911,3
6507,0 12 28
3834,12
19434,21
2288,18 19
6037,12
23479,16
20943,0 12
23264,0 30
11296,0 27
2790,28
22349,1 3
13275,0 8
25098,10
21328,12
10448,3 27 30
18071,8
21457,0 12 28
24214,18
12260,44
23342,0 27
24554,15
22433,0 2
21774,27
22907,16 32 38
24819,3 16
24285,2
18403,27
16629,2
11549,0 30
26289,27
22893,32 38
17126,23
23275,2
21506,3
22041,27
9773,19
21311,18 19
25199,3
24369,19 20
24408,48
7982,19
22578,1
24551,12
384,0 36
13989,12
6416,3
7682,3
1451,0 2
26042,15
25349,12
5313,18
17988,4
22299,0
18331,4 5
12058,0
8602,3 12
1430,2
14520,2
20316,16
5924,14
21572,2
5795,0
3195,39
6688,3 28
12515,0
25834,2
26259,27
14110,12
8527,2 27
22594,1 36
23946,1
16475,11 12 27
7901,1 28
7545,0 27
8858,16
15385,16 33
23439,0 2
21996,18 19
23617,2 4
429,12 15 16
24998,12 27
8047,44
20566,3
10786,21
24464,45 48
21077,12
20816,28 36
16174,3
26025,11 27
24899,18
5278,14 16
19393,0 30
20430,8
26890,44
26363,27
19680,0
9553,21
20983,2 30
25772,3
18173,29
23620,2 3
3959,2
11800,23
18441,19
26606,3
23427,8
21450,18 20
162,8
26407,27
8569,19
1904,29
14096,0 16 27
26862,35
25882,19
22524,2 12
20370,27
511,3
20952,48
22842,2
20627,2 28
21841,0
26705,15 27
25206,12 28
18930,27 28
21012,12 28
446,24 25
15798,0
20563,14
22790,0
11019,18 19
21979,28
26449,27
220,19
21836,2 12
9480,19
1272,2 30
14216,1
22370,1 2
22051,28
9356,3 28
20854,12 27 28
19472,12 28
3775,0 12 28
3434,1 3
20520,1
14510,18 19
655,23
7899,1
505,0 12 28
6437,23 28
25389,12
395,0
3779,10
24867,1
5043,0 12
25939,27
2995,1 28
9167,3
7677,16
12837,3 7
20959,12 28
23339,0 3
17059,0 12 28 36
20997,19
18820,27
19952,0
27036,5
15063,14
12685,14 16
21605,23 27 28
20645,39
3583,0
3836,0
1722,0
5225,0
12617,3 27 30
22880,2
20647,18
19514,12 28
25435,12
23763,1
14791,3 12
23819,0 35
24713,10
7320,43
15081,12
5188,8 10
17107,2 4
20744,28
5598,16
3497,12
3117,2
979,0 8
22691,29
6353,27
4504,26
5948,12
25361,39
17676,12
25005,19
2851,16 30 33
12037,30
19397,10
8942,2
15316,3 37
23773,21
29,27
21156,12 28
21305,12 28
21804,27
23383,3 35
16244,3 4
20160,20
2960,27
22726,3
6635,0 27
1573,0
19390,2
9838,20
23094,14
24526,12
23664,2
16,39
18458,19
25564,18 19
19721,42
20559,2
23635,27
13612,13 27
27007,19
23723,16
20025,11
604,19
26078,1 27
19916,0 8 12
10254,1 28
15556,1
25286,8
8398,21
26967,0
9477,8
21320,12
19993,8
22238,19
20803,5
24963,12 27
26304,30
638,13 34
11073,0
25769,14
26626,0
25738,21
23574,0 16
19965,15
15058,0 27
20577,16
21675,28
24553,12
14769,1 12 28
23579,12 28
4551,27
24360,12
18228,19
20235,16 33
20879,28 47
18785,30
704,0 30
25215,23
20363,0 2
10209,0 2
23648,2
5100,0
7797,2
26349,27
26591,0
23008,3
24769,10
360,1 27
184,0 2
13058,0
26082,27
23453,0
24268,2
22915,0 37
23025,1
19815,31
26087,11
19934,27
21151,28
25909,12 27
25548,2 12 27
1832,0
22273,16 33
22620,0 2
6541,28
16273,2
13517,18
4179,19
18620,18
20731,0 28
1633,27 30 36
17285,2
26852,3
14198,27
26302,27 40
4767,1 2 28 30
25366,12
3783,19
18899,12
11227,19
26610,3
26942,0 30
7869,12
19485,0
7619,16 27
7721,28
10366,0
648,19
18690,12
14592,0 27 30
19486,10
24191,2
22806,0
7022,0 30
942,23
20707,16 33
24976,12 27
19997,1
27020,11 27
25365,18
6614,3
2315,16
23836,3
23238,3
22279,20
21920,0
19975,0 30
24469,41
16287,21
25443,19
20423,7 9
20567,21
11702,14
23290,4
22325,3
22937,7
22182,41 47
19310,0 30
16987,0 2
26246,27
5631,0
20772,2 3
22427,1
835,12 28
21120,23 28
24954,20
21706,27 28
11077,2
14255,16 33
26584,24 25
26828,30
14981,1
23278,2
21416,0
25515,12
4337,0 2
11145,19
190,3
7551,15
23490,3
22478,3 15
615,2 3
1312,12 28
26587,20
7793,8
23657,1
6680,18
13377,1 2
9511,12
2340,0 4
20009,20
22407,8
22076,20
15331,3
22604,16
308,12
8012,0 2
12099,16
24636,12
11874,1
8689,35
26384,11
25698,20
24315,0 2 35
26268,27
5350,27
8150,12 28
22215,1
19207,0 12
14430,19
12023,19
13969,1 11 15
1164,28 36
23747,3
24460,48
19015,27
22326,0
26214,0 27
1028,28
3143,14 16
7123,28
18012,2 30
3892,0 27
25255,12
26162,27
99,12 42
4677,19
14723,16
499,2 30
25076,19 20
6190,16
24374,9
23152,2 30
8911,19
19568,0 30
20828,19
23790,13 32 34
5067,0
21184,23 24 26
5016,19
748,0 12 28 36
26062,27
6087,0
11575,9 10
18655,12
20964,28 43
16315,20
21314,41
24423,0
13226,1
13433,1 23 37
26886,19
13719,0 4
9272,1 37
25569,27
26553,26
25239,12 27
20852,28
16039,0
3491,0
11609,1
11647,0 35
20346,0 14 16 27 30
4909,18
18934,16 28
26385,27
25709,0
26769,12 28 30
5545,0 38
25305,12 23
4113,21
23420,16
15484,3
20910,3 12 27
19173,30
5031,12
21871,4 5
13786,0
25077,12
6494,16
15531,4
23056,3 27
23359,32
26274,27 31
22695,0
26880,19
2656,39
12335,2 3 28
16434,20
6236,16
2783,28
1828,0 23 28
555,0
11464,16
5517,2 3 30
10712,19
10001,35
3352,12
21489,3 15
19726,27 28
19150,0 30
26817,11
23621,14
25207,19
19029,12 28
1857,8
25463,19
8731,0 27
996,18
26788,30
19479,2
1992,30
23748,2
21907,28
16396,2 3
12684,27 30
1665,2
7831,2
5499,19
3409,23
13139,16
26175,27
7673,8
23493,0
12991,16
13197,29
2920,12
24192,8
21629,18
26319,27
8061,18
171,2
1810,27 49
23330,19
8124,8
5472,0 12
8796,1 8
15532,12 33
1969,39
24806,8
21231,1
24412,19
21711,11 12 15
15963,2 27
23502,21
13194,12 27 30
8516,0
5776,1 8
3417,20
10429,0 12
15283,0 12 28
20717,2 30
24695,5
20688,19
9628,19
26408,27
25477,10
3918,0 12
25872,15
26898,18
12609,8 28
14360,12
18969,1
23698,2
19676,16 27
22046,28
21487,16 30
5757,0 2 5
22672,2 4
22950,2 4
15635,47
21491,0
17009,12 28
25720,1 15
13470,4 5
25142,3 30
22253,2
4656,1 2
15873,12
22885,27
21272,28
15617,19
3523,37
24925,12 28
6327,8
530,15
20221,8
